week_start,week_end,metal,source,market,identifier,price_cny,display_unit,week_close_cny,week_high_cny,week_low_cny,weekly_change_cny_pct,native_avg_close,native_last_close,native_unit,weekly_change_native_pct,usd_cny,fx_ticker,observations
2025-07-18,2025-07-18,白银,Yahoo Finance,COMEX Silver Futures,SI=F,8.827419770643884,人民币/克,8.827419770643884,8.894855738137041,8.827419770643884,,38.222999572753906,38.222999572753906,美元/金衡盎司,,7.183199882507324,CNY=X,1
2025-07-18,2025-07-18,铜,Yahoo Finance,COMEX Copper Futures,HG=F,88334.57546448433,人民币/吨,88334.57546448433,88350.41056164345,86925.1460989821,,5.578000068664551,5.578000068664551,美元/磅,,7.183199882507324,CNY=X,1
2025-07-17,2025-07-18,锡,SHFE official,SHFE Tin Futures,SN,263230.0,人民币/吨,264540.0,266470.0,260640.0,,263230.0,264540.0,人民币/吨,,,not_required,2
2025-07-18,2025-07-18,黄金,Yahoo Finance,COMEX Gold Futures,GC=F,774.3593862807986,人民币/克,774.3593862807986,774.3593862807986,770.9413854673561,,3353.0,3353.0,美元/金衡盎司,,7.183199882507324,CNY=X,1
2025-07-21,2025-07-25,白银,Yahoo Finance,COMEX Silver Futures,SI=F,8.982832223809918,人民币/克,8.778042339230113,9.090275384982666,8.748833815149492,1.7605648898998627,38.97740020751953,38.16699981689453,美元/金衡盎司,1.9736824508753914,7.153500080108643,CNY=X,5
2025-07-21,2025-07-25,铜,Yahoo Finance,COMEX Copper Futures,HG=F,90527.98200754065,人民币/吨,90894.8253249532,93046.65570779178,87831.77610502687,2.4830668303128967,5.728600025177002,5.763500213623047,美元/磅,2.69989162170281,7.153500080108643,CNY=X,5
2025-07-21,2025-07-25,锡,SHFE official,SHFE Tin Futures,SN,270076.0,人民币/吨,272120.0,275750.0,263200.0,2.6007673897352035,270076.0,272120.0,人民币/吨,2.6007673897352035,,not_required,5
2025-07-21,2025-07-25,黄金,Yahoo Finance,COMEX Gold Futures,GC=F,780.8164597362947,人民币/克,766.7878874262126,793.8307144884776,765.0629596650558,0.8338600357786108,3388.039990234375,3334.0,美元/金衡盎司,1.0450340063935304,7.153500080108643,CNY=X,5
2025-07-28,2025-08-01,白银,Yahoo Finance,COMEX Silver Futures,SI=F,8.630241111000249,人民币/克,8.515888852849514,8.805681801355597,8.413570045924397,-3.925166406593794,37.40299987792969,36.7869987487793,美元/金衡盎司,-4.039264602584014,7.200200080871582,CNY=X,5
2025-07-28,2025-08-01,铜,Yahoo Finance,COMEX Copper Futures,HG=F,80718.05453306418,人民币/吨,70042.80554851245,90650.37733647929,68403.19496705472,-10.836348338858738,5.102299976348877,4.412499904632568,美元/磅,-10.932863982047236,7.200200080871582,CNY=X,5
2025-07-28,2025-08-01,锡,SHFE official,SHFE Tin Futures,SN,266530.0,人民币/吨,264950.0,272000.0,262910.0,-1.3129637583495057,266530.0,264950.0,人民币/吨,-1.3129637583495057,,not_required,5
2025-07-28,2025-08-01,黄金,Yahoo Finance,COMEX Gold Futures,GC=F,764.6460829210664,人民币/克,774.9651144839706,777.9513927176648,753.0686042724949,-2.0709574719633306,3313.839990234375,3347.699951171875,美元/金衡盎司,-2.190056794308004,7.200200080871582,CNY=X,5
2025-08-04,2025-08-08,白银,Yahoo Finance,COMEX Silver Futures,SI=F,8.744830520691076,人民币/克,8.869506338423951,8.916373661371656,8.612377342592382,1.3277660289788384,37.844000244140624,38.41699981689453,美元/金衡盎司,1.1790507917819548,7.181000232696533,CNY=X,5
2025-08-04,2025-08-08,铜,Yahoo Finance,COMEX Copper Futures,HG=F,69732.71999449462,人民币/吨,70536.78491280058,70536.78491280058,68916.92208278504,-13.609513512332839,4.400799942016602,4.45550012588501,美元/磅,-13.748702302569383,7.181000232696533,CNY=X,5
2025-08-04,2025-08-08,锡,SHFE official,SHFE Tin Futures,SN,267328.0,人民币/吨,267780.0,268790.0,264980.0,0.2994034442651783,267328.0,267780.0,人民币/吨,0.2994034442651783,,not_required,5
2025-08-04,2025-08-08,黄金,Yahoo Finance,COMEX Gold Futures,GC=F,784.5415201172091,人民币/克,794.0005794315638,802.7507011398111,773.3834167383187,2.601914485736856,3395.139990234375,3439.10009765625,美元/金衡盎司,2.4533471815049834,7.181000232696533,CNY=X,5
2025-08-11,2025-08-15,白银,Yahoo Finance,COMEX Silver Futures,SI=F,8.76928825477354,人民币/克,8.746931601334461,8.886728602770596,8.678581810059011,0.27968219652279025,37.98719940185547,37.89400100708008,美元/金衡盎司,0.3783932903261622,7.179500102996826,CNY=X,5
2025-08-11,2025-08-15,铜,Yahoo Finance,COMEX Copper Futures,HG=F,70779.14586015159,人民币/吨,70878.18218570403,71505.81909693385,70030.17922820048,1.500623904731646,4.471300029754639,4.478000164031982,美元/磅,1.6019834727077242,7.179500102996826,CNY=X,5
2025-08-11,2025-08-15,锡,SHFE official,SHFE Tin Futures,SN,268528.0,人民币/吨,266820.0,272000.0,265240.0,0.4488867608331448,268528.0,266820.0,人民币/吨,0.4488867608331448,,not_required,5
2025-08-11,2025-08-15,黄金,Yahoo Finance,COMEX Gold Futures,GC=F,772.5082741281776,人民币/克,770.0364977717672,781.2562609126786,767.8410798911403,-1.5337933914872592,3346.37998046875,3336.0,美元/金衡盎司,-1.4361708178713073,7.179500102996826,CNY=X,5
2025-08-18,2025-08-22,白银,Yahoo Finance,COMEX Silver Futures,SI=F,8.770464120546015,人民币/克,9.003419015649307,9.003419015649307,8.593992667629973,0.013408907750678267,37.989400482177736,39.00299835205078,美元/金衡盎司,0.005794268482350873,7.179900169372559,CNY=X,5
2025-08-18,2025-08-22,铜,Yahoo Finance,COMEX Copper Futures,HG=F,70197.1903534292,人民币/吨,70399.34919242782,70678.24232033886,69793.53566472298,-0.8222132376000113,4.43420000076294,4.447500228881836,美元/磅,-0.8297369611704464,7.179900169372559,CNY=X,5
2025-08-18,2025-08-22,锡,SHFE official,SHFE Tin Futures,SN,267072.0,人民币/吨,265930.0,269620.0,265040.0,-0.5422153369481042,267072.0,265930.0,人民币/吨,-0.5422153369481042,,not_required,5
2025-08-18,2025-08-22,黄金,Yahoo Finance,COMEX Gold Futures,GC=F,771.0850792054141,人民币/克,778.9436076923927,779.7053881612562,764.3135243379098,-0.1842303791981581,3339.959912109375,3374.39990234375,美元/金衡盎司,-0.19185114651790736,7.179900169372559,CNY=X,5
2025-08-25,2025-08-29,白银,Yahoo Finance,COMEX Silver Futures,SI=F,8.987404579457207,人民币/克,9.244966483942376,9.26911367872798,8.857282694304045,2.473534535110633,39.06759948730469,40.20000076293945,美元/金衡盎司,2.8381574635082174,7.1529998779296875,CNY=X,5
2025-08-25,2025-08-29,铜,Yahoo Finance,COMEX Copper Futures,HG=F,70397.97102418831,人民币/吨,71255.23051516191,71310.42410324332,69504.79669936579,0.28602379916948806,4.46269998550415,4.518499851226807,美元/磅,0.6427311518719669,7.1529998779296875,CNY=X,5
2025-08-25,2025-08-29,锡,SHFE official,SHFE Tin Futures,SN,272490.0,人民币/吨,278650.0,278880.0,266000.0,2.028666427030923,272490.0,278650.0,人民币/吨,2.028666427030923,,not_required,5
2025-08-25,2025-08-29,黄金,Yahoo Finance,COMEX Gold Futures,GC=F,785.4963125978745,人民币/克,798.8616670242081,799.2986518557811,775.0495878807415,1.8689550324733073,3414.500048828125,3473.699951171875,美元/金衡盎司,2.231767406803198,7.1529998779296875,CNY=X,5
2025-09-02,2025-09-05,白银,Yahoo Finance,COMEX Silver Futures,SI=F,9.44354768887868,人民币/克,9.430645619549432,9.574601111578735,9.212318703169274,5.075359692431025,41.14949989318848,41.07400131225586,美元/金衡盎司,5.328969358765745,7.14139986038208,CNY=X,4
2025-09-02,2025-09-05,铜,Yahoo Finance,COMEX Copper Futures,HG=F,71202.37752738871,人民币/吨,70572.8921741475,72241.0979029294,70407.57993217415,1.1426558059805636,4.524624943733215,4.482500076293945,美元/磅,1.3876119486008864,7.14139986038208,CNY=X,4
2025-09-01,2025-09-05,锡,SHFE official,SHFE Tin Futures,SN,272964.0,人民币/吨,272460.0,279010.0,271030.0,0.17395133766375803,272964.0,272460.0,人民币/吨,0.17395133766375803,,not_required,5
2025-09-02,2025-09-05,黄金,Yahoo Finance,COMEX Gold Futures,GC=F,821.681497157015,人民币/克,829.5955398411077,829.5955398411077,799.088658863646,4.606665108263219,3580.3999633789062,3613.199951171875,美元/金衡盎司,4.85868830512155,7.14139986038208,CNY=X,4
2025-09-08,2025-09-12,白银,Yahoo Finance,COMEX Silver Futures,SI=F,9.506627814764439,人民币/克,9.700768638606087,9.700768638606087,9.369740891929517,0.6679706394668417,41.50419921875,42.387001037597656,美元/金衡盎司,0.8619772451238017,7.1184000968933105,CNY=X,5
2025-09-08,2025-09-12,铜,Yahoo Finance,COMEX Copper Futures,HG=F,71371.53526235584,人民币/吨,72009.10149247074,72369.88446056312,70476.89800303626,0.23757315533747825,4.544099998474121,4.588500022888184,美元/磅,0.4304236258936722,7.1184000968933105,CNY=X,5
2025-09-08,2025-09-12,锡,SHFE official,SHFE Tin Futures,SN,271192.0,人民币/吨,273950.0,274900.0,268010.0,-0.6491698539001445,271192.0,273950.0,人民币/吨,-0.6491698539001445,,not_required,5
2025-09-08,2025-09-12,黄金,Yahoo Finance,COMEX Gold Futures,GC=F,834.2720249198088,人民币/克,835.2085133597087,841.3008816758519,823.241587457012,1.5322880953698714,3642.260009765625,3649.39990234375,美元/金衡盎司,1.727741230573021,7.1184000968933105,CNY=X,5
2025-09-15,2025-09-19,白银,Yahoo Finance,COMEX Silver Futures,SI=F,9.65075211223439,人民币/克,9.72734662451421,9.802584546438455,9.476478521477391,1.5160401803688606,42.190599822998045,42.5359992980957,美元/金衡盎司,1.6538100172234005,7.1128997802734375,CNY=X,5
2025-09-15,2025-09-19,铜,Yahoo Finance,COMEX Copper Futures,HG=F,72056.17443779815,人民币/吨,71647.67220608288,73245.73137144855,70807.12615069625,0.9592608214544329,4.593899917602539,4.568999767303467,美元/磅,1.0959248067855087,7.1128997802734375,CNY=X,5
2025-09-15,2025-09-19,锡,SHFE official,SHFE Tin Futures,SN,271420.0,人民币/吨,268770.0,275030.0,267310.0,0.08407327649784246,271420.0,268770.0,人民币/吨,0.08407327649784246,,not_required,5
2025-09-15,2025-09-19,黄金,Yahoo Finance,COMEX Gold Futures,GC=F,840.3081889496259,人民币/克,839.6171177645942,846.4804698559435,830.6049709554187,0.7235246837381748,3673.619970703125,3671.5,美元/金衡盎司,0.8610028074167664,7.1128997802734375,CNY=X,5
2025-09-22,2025-09-26,白银,Yahoo Finance,COMEX Silver Futures,SI=F,10.196495527997557,人民币/克,10.601109904370169,10.601109904370169,9.902061979743948,5.6549314438542275,44.537200164794925,46.22100067138672,美元/金衡盎司,5.561903247741329,7.133800029754639,CNY=X,5
2025-09-22,2025-09-26,铜,Yahoo Finance,COMEX Copper Futures,HG=F,73236.14426688993,人民币/吨,74162.25535165303,74731.06525570972,71469.95641918512,1.637569352381285,4.6650999069213865,4.7154998779296875,美元/磅,1.5498811597098427,7.133800029754639,CNY=X,5
2025-09-22,2025-09-26,锡,SHFE official,SHFE Tin Futures,SN,272442.0,人民币/吨,274070.0,275100.0,268100.0,0.3765382064696787,272442.0,274070.0,人民币/吨,0.3765382064696787,,not_required,5
2025-09-22,2025-09-26,黄金,Yahoo Finance,COMEX Gold Futures,GC=F,859.232248356972,人民币/克,865.8914813234888,865.9354573460355,843.390420894954,2.2520379613342856,3753.12001953125,3775.300048828125,美元/金衡盎司,2.164079285885112,7.133800029754639,CNY=X,5
2025-09-29,2025-09-30,锡,SHFE official,SHFE Tin Futures,SN,273740.0,人民币/吨,275070.0,283000.0,270610.0,0.4764316808715252,273740.0,275070.0,人民币/吨,0.4764316808715252,,not_required,2
2025-09-29,2025-10-03,白银,Yahoo Finance,COMEX Silver Futures,SI=F,10.704541088179127,人民币/克,10.894056765762242,10.894056765762242,10.387771220051018,4.982550708589795,46.75039978027344,47.59700012207031,美元/金衡盎司,4.969328128596584,7.11899995803833,CNY=X,5
2025-09-29,2025-10-03,铜,Yahoo Finance,COMEX Copper Futures,HG=F,76722.49622637444,人民币/吨,79383.83622366698,79446.61050691409,74041.78476009099,4.760425326024009,4.886499977111816,5.058000087738037,美元/磅,4.745880572931549,7.11899995803833,CNY=X,5
2025-09-29,2025-10-03,黄金,Yahoo Finance,COMEX Gold Futures,GC=F,881.5276798200746,人民币/克,888.2420303817152,890.7825777687508,861.0689520133985,2.5948085055857772,3849.939990234375,3880.800048828125,美元/金衡盎司,2.579719545318926,7.11899995803833,CNY=X,5
2025-10-06,2025-10-10,白银,Yahoo Finance,COMEX Silver Futures,SI=F,10.883654244245296,人民币/克,10.756051417640473,11.326534031215369,10.696010444718523,1.6732446033016934,47.54099960327149,46.9379997253418,美元/金衡盎司,1.6911081546122864,7.127500057220459,CNY=X,5
2025-10-06,2025-10-10,铜,Yahoo Finance,COMEX Copper Futures,HG=F,78506.2886943808,人民币/吨,76186.64842904333,80390.00202641381,75958.80870992434,2.32499274103799,5.000999927520752,4.848499774932861,美元/磅,2.3431894187097013,7.127500057220459,CNY=X,5
2025-10-09,2025-10-10,锡,SHFE official,SHFE Tin Futures,SN,286720.0,人民币/吨,286350.0,290640.0,280180.0,4.741725725140644,286720.0,286350.0,人民币/吨,4.741725725140644,,not_required,2
2025-10-06,2025-10-10,黄金,Yahoo Finance,COMEX Gold Futures,GC=F,910.7213682165554,人民币/克,911.095147454959,926.7855959588861,898.7705639014714,3.311715453159625,3978.12001953125,3975.89990234375,美元/金衡盎司,3.3294033055583316,7.127500057220459,CNY=X,5
2025-10-13,2025-10-17,白银,Yahoo Finance,COMEX Silver Futures,SI=F,11.64349372812813,人民币/克,11.419342930968456,12.215381298433163,11.079098857783247,6.981473931741244,50.88079986572266,49.86399841308594,美元/金衡盎司,7.025094739954407,7.123000144958496,CNY=X,5
2025-10-13,2025-10-17,铜,Yahoo Finance,COMEX Copper Futures,HG=F,78275.56898029358,人民币/吨,77441.9439991668,79837.21214702164,76894.47874623223,-0.2938869203018779,4.988500118255615,4.93149995803833,美元/磅,-0.24994619968597975,7.123000144958496,CNY=X,5
2025-10-13,2025-10-17,锡,SHFE official,SHFE Tin Futures,SN,281270.0,人民币/吨,280750.0,287420.0,278100.0,-1.9008091517857095,281270.0,280750.0,人民币/吨,-1.9008091517857095,,not_required,5
2025-10-13,2025-10-17,黄金,Yahoo Finance,COMEX Gold Futures,GC=F,956.2817426081887,人民币/克,959.5280233030451,998.0245884192962,916.7335150456362,5.002668871254556,4178.86005859375,4189.89990234375,美元/金衡盎司,5.046103136077673,7.123000144958496,CNY=X,5
2025-10-20,2025-10-24,白银,Yahoo Finance,COMEX Silver Futures,SI=F,11.126155642555863,人民币/克,11.083004743824565,11.783594362058613,10.812019643275294,-4.443151666088774,48.577799224853514,48.37699890136719,美元/金衡盎司,-4.526266581788995,7.125699996948242,CNY=X,5
2025-10-20,2025-10-24,铜,Yahoo Finance,COMEX Copper Futures,HG=F,78729.5834707492,人民币/吨,80016.23553112677,80031.94387192531,77004.97230296009,0.5800206838099342,5.0128999710083,5.093500137329102,美元/磅,0.4891220241409533,7.125699996948242,CNY=X,5
2025-10-20,2025-10-24,锡,SHFE official,SHFE Tin Futures,SN,281568.0,人民币/吨,284300.0,284780.0,277280.0,0.10594802147403382,281568.0,284300.0,人民币/吨,0.10594802147403382,,not_required,5
2025-10-20,2025-10-24,黄金,Yahoo Finance,COMEX Gold Futures,GC=F,948.7830968741595,人民币/克,943.5113109786653,998.1802069583077,917.2585677945876,-0.7841460732667782,4142.479931640625,4118.39990234375,美元/金衡盎司,-0.8705753828322171,7.125699996948242,CNY=X,5
2025-10-27,2025-10-31,白银,Yahoo Finance,COMEX Silver Futures,SI=F,10.869658078898762,人民币/克,10.970726297834805,11.127536052413863,10.496152502452482,-2.305356602023767,47.566000366210936,47.99399948120117,美元/金衡盎司,-2.082842110568317,7.109799861907959,CNY=X,5
2025-10-27,2025-10-31,铜,Yahoo Finance,COMEX Copper Futures,HG=F,80411.83796941361,人民币/吨,79398.79953134115,81905.19338186846,78714.77299996202,2.1367501573146486,5.131599998474121,5.065499782562256,美元/磅,2.36789140322593,7.109799861907959,CNY=X,5
2025-10-27,2025-10-31,锡,SHFE official,SHFE Tin Futures,SN,284824.0,人民币/吨,283910.0,289590.0,282030.0,1.1563814069780687,284824.0,283910.0,人民币/吨,1.1563814069780687,,not_required,5
2025-10-27,2025-10-31,黄金,Yahoo Finance,COMEX Gold Futures,GC=F,911.1249412229897,人民币/克,910.272663245534,933.7901075719725,893.2556332027698,-3.969100606370146,3987.0599609375,3982.199951171875,美元/金衡盎司,-3.7518581445866284,7.109799861907959,CNY=X,5
2025-11-03,2025-11-07,白银,Yahoo Finance,COMEX Silver Futures,SI=F,10.94703428356522,人民币/克,10.989568819920061,11.063139492954795,10.792237463968624,0.7118550013699876,47.738399505615234,48.016998291015625,美元/金衡盎司,0.36244195029431214,7.118599891662598,CNY=X,5
2025-11-03,2025-11-07,铜,Yahoo Finance,COMEX Copper Futures,HG=F,78054.34133067023,人民币/吨,77496.11772411541,79838.9656465731,77456.88226021481,-2.931778079292391,4.963899993896485,4.938000202178955,美元/磅,-3.2679866830521043,7.118599891662598,CNY=X,5
2025-11-03,2025-11-07,锡,SHFE official,SHFE Tin Futures,SN,283702.0,人民币/吨,283510.0,286750.0,279200.0,-0.3939274780215163,283702.0,283510.0,人民币/吨,-0.3939274780215163,,not_required,5
2025-11-03,2025-11-07,黄金,Yahoo Finance,COMEX Gold Futures,GC=F,913.0187870912462,人民币/克,915.3358608301829,921.2542298572016,900.8067229628189,0.20785797672429052,3981.519970703125,3999.39990234375,美元/金衡盎司,-0.13894925806613445,7.118599891662598,CNY=X,5
2025-11-10,2025-11-14,白银,Yahoo Finance,COMEX Silver Futures,SI=F,11.798597477061348,人民币/克,11.567712600742064,12.405881885021365,11.328980901495186,7.778939678434904,51.55820007324219,50.59000015258789,美元/金衡盎司,8.001526249696855,7.111999988555908,CNY=X,5
2025-11-10,2025-11-14,铜,Yahoo Finance,COMEX Copper Futures,HG=F,79595.36972102492,人民币/吨,79172.50429243909,80470.15759309409,78720.22977417594,1.974301959485203,5.072399997711182,5.049499988555908,美元/磅,2.185781420820465,7.111999988555908,CNY=X,5
2025-11-10,2025-11-14,锡,SHFE official,SHFE Tin Futures,SN,291354.0,人民币/吨,291450.0,299980.0,283920.0,2.6971963539206723,291354.0,291450.0,人民币/吨,2.6971963539206723,,not_required,5
2025-11-10,2025-11-14,黄金,Yahoo Finance,COMEX Gold Futures,GC=F,947.2830937588927,人民币/克,934.6547344106682,967.9105980028869,925.3712740463073,3.752858884405663,4139.49990234375,4087.60009765625,美元/金衡盎司,3.96782969325975,7.111999988555908,CNY=X,5
2025-11-17,2025-11-21,白银,Yahoo Finance,COMEX Silver Futures,SI=F,11.513588958421938,人民币/克,11.396550983443134,11.825466693428037,10.997112746303852,-2.415613543842976,50.39700088500977,49.87300109863281,美元/金衡盎司,-2.2522104855926983,7.107500076293945,CNY=X,5
2025-11-17,2025-11-21,铜,Yahoo Finance,COMEX Copper Futures,HG=F,78135.74492690188,人民币/吨,78479.96834046168,78550.47906520168,77093.23002422825,-1.8338061613871526,4.98769998550415,5.008500099182129,美元/磅,-1.6698212334447349,7.107500076293945,CNY=X,5
2025-11-17,2025-11-21,锡,SHFE official,SHFE Tin Futures,SN,291078.0,人民币/吨,290740.0,295900.0,288100.0,-0.09473012211947962,291078.0,290740.0,人民币/吨,-0.09473012211947962,,not_required,5
2025-11-17,2025-11-21,黄金,Yahoo Finance,COMEX Gold Futures,GC=F,929.3902292814349,人民币/克,931.5725505639172,942.0841323025552,917.4062132442274,-1.8888613757960693,4068.1,4076.699951171875,美元/金衡盎司,-1.7248436774530251,7.107500076293945,CNY=X,5
2025-11-24,2025-11-28,白银,Yahoo Finance,COMEX Silver Futures,SI=F,12.003914146571171,人民币/克,12.84102738896551,12.843075430162969,11.33158933987332,4.258665042845489,52.647748947143555,56.44599914550781,美元/金衡盎司,4.466035721588457,7.075799942016602,CNY=X,4
2025-11-24,2025-11-28,铜,Yahoo Finance,COMEX Copper Futures,HG=F,79159.6124335156,人民币/吨,80891.04678953215,81351.23123283238,77663.15309631532,1.3103701866176376,5.062874913215637,5.185500144958496,美元/磅,1.5072062860630897,7.075799942016602,CNY=X,4
2025-11-24,2025-11-28,锡,SHFE official,SHFE Tin Futures,SN,298384.0,人民币/吨,305040.0,306060.0,291070.0,2.5099801427795887,298384.0,305040.0,人民币/吨,2.5099801427795887,,not_required,5
2025-11-24,2025-11-28,黄金,Yahoo Finance,COMEX Gold Futures,GC=F,947.1057623837005,人民币/克,959.6305167214122,960.9044955414064,927.7531481408296,1.9061458302571666,4153.6500244140625,4218.2998046875,美元/金衡盎司,2.1029479219798475,7.075799942016602,CNY=X,4
2025-12-01,2025-12-05,白银,Yahoo Finance,COMEX Silver Futures,SI=F,13.165877922974811,人民币/克,13.282288323808212,13.388311010260411,12.770151361272879,9.679874099528995,57.91820068359375,58.422000885009766,美元/金衡盎司,10.010782686533371,7.071400165557861,CNY=X,5
2025-12-01,2025-12-05,铜,Yahoo Finance,COMEX Copper Futures,HG=F,82181.65822974815,人民币/吨,83904.135061292,84184.75286172677,80259.52998804384,3.817661182677834,5.272299957275391,5.381999969482422,美元/磅,4.136484658411987,7.071400165557861,CNY=X,5
2025-12-01,2025-12-05,锡,SHFE official,SHFE Tin Futures,SN,311932.0,人民币/吨,317500.0,323700.0,303500.0,4.540457933401254,311932.0,317500.0,人民币/吨,4.540457933401254,,not_required,5
2025-12-01,2025-12-05,黄金,Yahoo Finance,COMEX Gold Futures,GC=F,957.0021503341195,人民币/克,957.8061404026797,969.4988235785777,947.4109434793237,1.0449084298158606,4209.9798828125,4212.89990234375,美元/金衡盎司,1.3561532162639,7.071400165557861,CNY=X,5
2025-12-08,2025-12-12,白银,Yahoo Finance,COMEX Silver Futures,SI=F,13.793221660115353,人民币/克,13.924065666008884,14.519099367299848,13.07388893875158,4.76492141891891,60.72360000610352,61.36199951171875,美元/金衡盎司,4.843726651377889,7.0578999519348145,CNY=X,5
2025-12-08,2025-12-12,铜,Yahoo Finance,COMEX Copper Futures,HG=F,82836.32694254842,人民币/吨,82211.29418287973,84696.23109709666,81067.63131584052,0.7966117098417103,5.318200016021729,5.2835001945495605,美元/磅,0.870588910310377,7.0578999519348145,CNY=X,5
2025-12-08,2025-12-12,锡,SHFE official,SHFE Tin Futures,SN,321550.0,人民币/吨,333000.0,338800.0,311000.0,3.083364322993476,321550.0,333000.0,人民币/吨,3.083364322993476,,not_required,5
2025-12-08,2025-12-12,黄金,Yahoo Finance,COMEX Gold Futures,GC=F,962.0164987832574,人民币/克,975.7647502790729,988.222457840344,949.0615929991534,0.5239641778638893,4235.180078125,4300.10009765625,美元/金衡盎司,0.5985823213878305,7.0578999519348145,CNY=X,5
2025-12-15,2025-12-19,白银,Yahoo Finance,COMEX Silver Futures,SI=F,14.64653269648341,人民币/克,15.130856434000922,15.130856434000922,13.886435059183267,6.186451993557829,64.66280059814453,66.84500122070312,美元/金衡盎司,6.487099894678616,7.040500164031982,CNY=X,5
2025-12-15,2025-12-19,铜,Yahoo Finance,COMEX Copper Futures,HG=F,83236.1824410753,人民币/吨,84429.99079039384,84887.87946377213,81874.59040315777,0.4827054907977857,5.359000015258789,5.439499855041504,美元/磅,0.7671768476955609,7.040500164031982,CNY=X,5
2025-12-15,2025-12-19,锡,SHFE official,SHFE Tin Futures,SN,330806.0,人民币/吨,343040.0,343740.0,317170.0,2.8785569895817043,330806.0,343040.0,人民币/吨,2.8785569895817043,,not_required,5
2025-12-15,2025-12-19,黄金,Yahoo Finance,COMEX Gold Futures,GC=F,981.2189253311406,人民币/克,987.234865263045,987.234865263045,967.5514219930564,1.9960600023149366,4331.92001953125,4361.39990234375,美元/金衡盎司,2.2841990097639098,7.040500164031982,CNY=X,5
2025-12-22,2025-12-26,白银,Yahoo Finance,COMEX Silver Futures,SI=F,16.164966657385545,人民币/克,17.282428024004222,17.814326295466504,15.167934557080091,10.36719059977045,71.47699928283691,76.48600006103516,美元/金衡盎司,10.538050659203769,7.0279998779296875,CNY=X,4
2025-12-22,2025-12-26,铜,Yahoo Finance,COMEX Copper Futures,HG=F,85986.4999324108,人民币/吨,89346.65560907552,89555.82910045248,84124.33814169318,3.3042330999292435,5.544624924659729,5.766499996185303,美元/磅,3.463797515812783,7.0279998779296875,CNY=X,4
2025-12-22,2025-12-26,锡,SHFE official,SHFE Tin Futures,SN,340448.0,人民币/吨,338550.0,349200.0,328270.0,2.9146992497113056,340448.0,338550.0,人民币/吨,2.9146992497113056,,not_required,5
2025-12-22,2025-12-26,黄金,Yahoo Finance,COMEX Gold Futures,GC=F,1014.1720225807139,人民币/克,1023.3748187745834,1029.5207406252027,989.4867986180592,3.358383781524843,4484.2750244140625,4529.10009765625,美元/金衡盎司,3.517031805663362,7.0279998779296875,CNY=X,4
2025-12-29,2025-12-31,锡,SHFE official,SHFE Tin Futures,SN,327946.6666666667,人民币/吨,322920.0,349980.0,316730.0,-3.6720243130619945,327946.6666666667,322920.0,人民币/吨,-3.6720243130619945,,not_required,3
2025-12-29,2026-01-02,白银,Yahoo Finance,COMEX Silver Futures,SI=F,16.214269287513755,人民币/克,15.870149483911096,18.008648114324075,15.775229751913736,0.3049967944455112,71.98000144958496,70.55599975585938,美元/金衡盎司,0.7037259143429564,6.996099948883057,CNY=X,4
2025-12-29,2026-01-02,铜,Yahoo Finance,COMEX Copper Futures,HG=F,86838.90175753544,人民币/吨,86990.0055365619,89687.52299292896,84907.26037772953,0.9913205279836523,5.621999979019165,5.639999866485596,美元/磅,1.395496637027871,6.996099948883057,CNY=X,4
2025-12-29,2026-01-02,黄金,Yahoo Finance,COMEX Gold Futures,GC=F,976.2435919556117,人民币/克,970.4372643076408,991.8460542208857,963.8243490825405,-3.739841938114963,4333.800048828125,4314.39990234375,美元/金衡盎司,-3.355614336023005,6.996099948883057,CNY=X,4
2026-01-05,2026-01-09,白银,Yahoo Finance,COMEX Silver Futures,SI=F,17.410707164861922,人民币/克,17.711410097260742,18.165646249316733,16.45793276788582,7.378919494506708,77.48580169677734,78.88400268554688,美元/金衡盎司,7.649069375260664,6.983500003814697,CNY=X,5
2026-01-05,2026-01-09,铜,Yahoo Finance,COMEX Copper Futures,HG=F,90431.78492304812,人民币/吨,90151.17652326492,92689.61351453392,87488.56954132266,4.137412027094078,5.869200038909912,5.855500221252441,美元/磅,4.397012821296276,6.983500003814697,CNY=X,5
2026-01-05,2026-01-09,锡,SHFE official,SHFE Tin Futures,SN,348884.0,人民币/吨,352540.0,364240.0,326000.0,6.384371442510961,348884.0,352540.0,人民币/吨,6.384371442510961,,not_required,5
2026-01-05,2026-01-09,黄金,Yahoo Finance,COMEX Gold Futures,GC=F,1002.5302116069208,人民币/克,1008.1833907122657,1008.1833907122657,985.8494097175519,2.692629162220861,4461.67998046875,4490.2998046875,美元/金衡盎司,2.9507575384149165,6.983500003814697,CNY=X,5
2026-01-12,2026-01-16,白银,Yahoo Finance,COMEX Silver Futures,SI=F,19.788794598605378,人民币/克,19.729046396074313,20.862860464921773,18.394419577074498,13.658764180141315,88.26460113525391,88.09100341796875,美元/金衡盎司,13.91067679812734,6.966000080108643,CNY=X,5
2026-01-12,2026-01-16,铜,Yahoo Finance,COMEX Copper Futures,HG=F,91321.57142736918,人民币/吨,88896.31519708165,92588.7987116172,88305.05782239445,0.9839311532755968,5.940099906921387,5.78849983215332,美元/磅,1.2079988335964575,6.966000080108643,CNY=X,5
2026-01-12,2026-01-16,锡,SHFE official,SHFE Tin Futures,SN,401532.0,人民币/吨,405240.0,443380.0,354100.0,15.090402540672553,401532.0,405240.0,人民币/吨,15.090402540672553,,not_required,5
2026-01-12,2026-01-16,黄金,Yahoo Finance,COMEX Gold Futures,GC=F,1032.4140550041243,人民币/克,1027.6276923259284,1039.7780457517465,1026.4780813768414,2.9808421782425487,4604.89990234375,4588.39990234375,美元/金衡盎司,3.2099998767718185,6.966000080108643,CNY=X,5
2026-01-20,2026-01-23,白银,Yahoo Finance,COMEX Silver Futures,SI=F,21.462768767315122,人民币/克,22.624791405464155,23.073139995433706,20.494725096705245,8.459202304458291,95.82925033569336,100.9250030517578,美元/金衡盎司,8.570422460582595,6.972599983215332,CNY=X,4
2026-01-20,2026-01-23,铜,Yahoo Finance,COMEX Copper Futures,HG=F,88905.63305591684,人民币/吨,90863.60277952997,90917.41170568673,87515.95819451654,-2.645528689104759,5.788999795913696,5.910999774932861,美元/磅,-2.5437301287075886,6.972599983215332,CNY=X,4
2026-01-19,2026-01-23,锡,SHFE official,SHFE Tin Futures,SN,409278.0,人民币/吨,429570.0,434600.0,377510.0,1.9291115029437256,409278.0,429570.0,人民币/吨,1.9291115029437256,,not_required,5
2026-01-20,2026-01-23,黄金,Yahoo Finance,COMEX Gold Futures,GC=F,1090.5105186673914,人民币/克,1115.5361704872837,1115.5361704872837,1044.3812361778594,5.627244551899757,4869.0999755859375,4976.2001953125,美元/金衡盎司,5.737368430260936,6.972599983215332,CNY=X,4
2026-01-26,2026-01-30,白银,Yahoo Finance,COMEX Silver Futures,SI=F,23.53366883868993,人民币/克,17.488685469955314,27.121755574445448,16.98272223771647,9.648802043324945,105.2082015991211,78.29000091552734,美元/金衡盎司,9.787148736500528,6.947999954223633,CNY=X,5
2026-01-26,2026-01-30,铜,Yahoo Finance,COMEX Copper Futures,HG=F,91340.09624325736,人民币/吨,90328.57980037299,99780.96980486748,88015.60405054843,2.7382552754664724,5.955499935150146,5.896999835968018,美元/磅,2.8761469184016564,6.947999954223633,CNY=X,5
2026-01-26,2026-01-30,锡,SHFE official,SHFE Tin Futures,SN,435086.0,人民币/吨,409000.0,469950.0,400000.0,6.305738397861593,435086.0,409000.0,人民币/吨,6.305738397861593,,not_required,5
2026-01-26,2026-01-30,黄金,Yahoo Finance,COMEX Gold Futures,GC=F,1140.4147895636645,人民币/克,1053.006919975556,1249.0317598964768,1049.9019127292893,4.5762301272670225,5098.7,4713.89990234375,美元/金衡盎司,4.715451018982875,6.947999954223633,CNY=X,5
2026-02-02,2026-02-06,白银,Yahoo Finance,COMEX Silver Futures,SI=F,17.732662952801647,人民币/克,17.116159885604127,20.292176090199863,15.32613958057228,-24.64981523132206,79.44980010986328,76.73500061035156,美元/金衡盎司,-24.48326375486016,6.93779993057251,CNY=X,5
2026-02-02,2026-02-06,铜,Yahoo Finance,COMEX Copper Futures,HG=F,89846.62656923397,人民币/吨,89683.5868587655,93024.71316641566,85341.20309875273,-1.6350647037265853,5.870499992370606,5.863500118255615,美元/磅,-1.4272511746303507,6.93779993057251,CNY=X,5
2026-02-02,2026-02-06,锡,SHFE official,SHFE Tin Futures,SN,378042.0,人民币/吨,357000.0,420640.0,345000.0,-13.110971164321539,378042.0,357000.0,人民币/吨,-13.110971164321539,,not_required,5
2026-02-02,2026-02-06,黄金,Yahoo Finance,COMEX Gold Futures,GC=F,1082.883429731714,人民币/克,1104.3921742951147,1133.5960760501207,983.3113235733636,-5.044774967708254,4851.8400390625,4951.2001953125,美元/金衡盎司,-4.841625530772542,6.93779993057251,CNY=X,5
2026-02-09,2026-02-13,白银,Yahoo Finance,COMEX Silver Futures,SI=F,17.765752905817397,人民币/克,17.27072803570985,18.767625556768838,16.600540069943595,0.18660453370045182,79.88679962158203,77.85099792480469,美元/金衡盎司,0.5500322355933784,6.900100231170654,CNY=X,5
2026-02-09,2026-02-13,铜,Yahoo Finance,COMEX Copper Futures,HG=F,89523.24486064946,人民币/吨,88116.18837567126,91057.98060248092,86709.064355745,-0.35992637779819203,5.8706999778747555,5.792500019073486,美元/磅,0.0034066179100511462,6.900100231170654,CNY=X,5
2026-02-09,2026-02-13,锡,SHFE official,SHFE Tin Futures,SN,383520.0,人民币/吨,365400.0,401080.0,358130.0,1.4490453441680984,383520.0,365400.0,人民币/吨,1.4490453441680984,,not_required,5
2026-02-09,2026-02-13,黄金,Yahoo Finance,COMEX Gold Futures,GC=F,1115.1079193607984,人民币/克,1114.0974233767663,1135.6334729074154,1087.2080234278671,2.975804111904101,5014.4,5022.0,美元/金衡盎司,3.3504806347430582,6.900100231170654,CNY=X,5
2026-02-17,2026-02-20,白银,Yahoo Finance,COMEX Silver Futures,SI=F,17.257253013958838,人民币/克,18.275101098330893,18.748620367879525,15.991009707656978,-2.8622479134675527,77.70100021362305,82.28299713134766,美元/金衡盎司,-2.7361208839419726,6.908100128173828,CNY=X,4
2026-02-17,2026-02-20,铜,Yahoo Finance,COMEX Copper Futures,HG=F,87522.54350098885,人民币/吨,88804.69223868083,89253.97009246366,85787.95812977004,-2.234840082902345,5.746874928474426,5.830999851226807,美元/磅,-2.109204181221924,6.908100128173828,CNY=X,4
2026-02-17,2026-02-20,黄金,Yahoo Finance,COMEX Gold Futures,GC=F,1105.1938136281933,人民币/克,1123.6734032650504,1126.649637748076,1076.6835241324363,-0.8890714127730348,4976.14990234375,5059.2998046875,美元/金衡盎司,-0.7628050745103976,6.908100128173828,CNY=X,4
2026-02-23,2026-02-27,白银,Yahoo Finance,COMEX Silver Futures,SI=F,19.6725987151808,人民币/克,20.38448265083197,20.647970389673603,18.767826578624227,13.996119192714307,88.9198013305664,92.68199920654295,美元/金衡盎司,14.43842561369808,6.84089994430542,CNY=X,5
2026-02-23,2026-02-27,铜,Yahoo Finance,COMEX Copper Futures,HG=F,89896.03495860001,人民币/吨,90557.4825154082,91696.14369721607,87577.43291140776,2.711862981432156,5.925399875640869,6.004499912261963,美元/磅,3.1064700274212154,6.84089994430542,CNY=X,5
2026-02-24,2026-02-27,锡,SHFE official,SHFE Tin Futures,SN,417150.0,人民币/吨,453240.0,453800.0,375000.0,8.768773466833535,417150.0,453240.0,人民币/吨,8.768773466833535,,not_required,4
2026-02-23,2026-02-27,黄金,Yahoo Finance,COMEX Gold Futures,GC=F,1149.3650600953192,人民币/克,1150.3963813681917,1161.2834133685215,1135.5172007719711,3.9966968618941223,5194.77998046875,5230.5,美元/金衡盎司,4.3935589243810025,6.84089994430542,CNY=X,5
2026-03-02,2026-03-06,白银,Yahoo Finance,COMEX Silver Futures,SI=F,18.568573599499608,人民币/克,18.58566985994436,21.135846519320484,17.47965351542665,-5.611994285377497,83.86859893798828,83.81600189208984,美元/金衡盎司,-5.680627168519948,6.896999835968018,CNY=X,5
2026-03-02,2026-03-06,铜,Yahoo Finance,COMEX Copper Futures,HG=F,88158.15330385827,人民币/吨,87536.8072113078,91175.62177172124,86785.05412593306,-1.9332128002554128,5.806599903106689,5.756999969482422,美元/磅,-2.00492751590593,6.896999835968018,CNY=X,5
2026-03-02,2026-03-06,锡,SHFE official,SHFE Tin Futures,SN,405100.0,人民币/吨,393660.0,464700.0,378220.0,-2.8886491669663172,405100.0,393660.0,人民币/吨,-2.8886491669663172,,not_required,5
2026-03-02,2026-03-06,黄金,Yahoo Finance,COMEX Gold Futures,GC=F,1139.5090172076652,人民币/克,1141.1152443706922,1191.7301242390242,1111.3961975694695,-0.8575206633509969,5146.67998046875,5146.10009765625,美元/金衡盎司,-0.9259294942393304,6.896999835968018,CNY=X,5
2026-03-09,2026-03-13,白银,Yahoo Finance,COMEX Silver Futures,SI=F,18.758165429814724,人民币/克,17.869068909948886,19.906341934333142,17.54575777568251,1.0210360494261383,84.75279998779297,80.91400146484375,美元/金衡盎司,1.054269489416959,6.868899822235107,CNY=X,5
2026-03-09,2026-03-13,铜,Yahoo Finance,COMEX Copper Futures,HG=F,88291.9190018828,人民币/吨,86536.56959341769,90007.53191781664,85234.24356688512,0.15173377958981327,5.8177999496459964,5.7144999504089355,美元/磅,0.1928847643405618,6.868899822235107,CNY=X,5
2026-03-09,2026-03-13,锡,SHFE official,SHFE Tin Futures,SN,387366.0,人民币/吨,374110.0,405800.0,369340.0,-4.377684522340164,387366.0,374110.0,人民币/吨,-4.377684522340164,,not_required,5
2026-03-09,2026-03-13,黄金,Yahoo Finance,COMEX Gold Futures,GC=F,1135.6753085495561,人民币/克,1115.7954004628473,1162.006971284028,1106.2992693950785,-0.3364351312904468,5131.37998046875,5052.5,美元/金衡盎司,-0.29727902372136406,6.868899822235107,CNY=X,5
2026-03-16,2026-03-20,白银,Yahoo Finance,COMEX Silver Futures,SI=F,16.746731351961614,人民币/克,15.386386643031676,18.39088019556167,14.804267967401161,-10.722978669630901,75.45859985351562,69.36000061035156,美元/金衡盎司,-10.966245522998651,6.899799823760986,CNY=X,5
2026-03-16,2026-03-20,铜,Yahoo Finance,COMEX Copper Futures,HG=F,84750.13324552521,人民币/吨,81267.20034135308,88323.56396684516,80133.94568381834,-4.011449514742171,5.5693000793457035,5.34250020980835,美元/磅,-4.271371866532014,6.899799823760986,CNY=X,5
2026-03-16,2026-03-20,锡,SHFE official,SHFE Tin Futures,SN,361336.0,人民币/吨,342480.0,385000.0,327200.0,-6.719743085350805,361336.0,342480.0,人民币/吨,-6.719743085350805,,not_required,5
2026-03-16,2026-03-20,黄金,Yahoo Finance,COMEX Gold Futures,GC=F,1067.7296040286803,人民币/克,1013.8687916943303,1122.058422449052,1006.2483033364908,-5.982845978015816,4811.2,4570.39990234375,美元/金衡盎司,-6.239646677646771,6.899799823760986,CNY=X,5
2026-03-23,2026-03-27,白银,Yahoo Finance,COMEX Silver Futures,SI=F,15.421784492975032,人民币/克,15.45179695223562,16.212753039287445,13.524128847442352,-7.911674410609004,69.58000030517579,69.54499816894531,美元/金衡盎司,-7.790496457331164,6.910699844360352,CNY=X,5
2026-03-23,2026-03-27,铜,Yahoo Finance,COMEX Copper Futures,HG=F,82996.7306942537,人民币/吨,83292.39775762428,84059.7950288529,81542.11261665993,-2.068908312146045,5.460899925231933,5.4670000076293945,美元/磅,-1.9463873838614476,6.910699844360352,CNY=X,5
2026-03-23,2026-03-27,锡,SHFE official,SHFE Tin Futures,SN,348132.0,人民币/吨,362460.0,369950.0,322580.0,-3.6542165740474197,348132.0,362460.0,人民币/吨,-3.6542165740474197,,not_required,5
2026-03-23,2026-03-27,黄金,Yahoo Finance,COMEX Gold Futures,GC=F,985.0152537187854,人民币/克,998.0512436110262,1008.5941071893786,907.8367130076166,-7.746750675246162,4444.13994140625,4492.0,美元/金衡盎司,-7.629282893950573,6.910699844360352,CNY=X,5
2026-03-30,2026-04-02,白银,Yahoo Finance,COMEX Silver Futures,SI=F,16.27669196781853,人民币/克,16.06655845223858,16.81619842511312,15.07049261928959,5.54350552125098,73.40399932861328,72.73500061035156,美元/金衡盎司,5.49583070805626,6.870500087738037,CNY=X,4
2026-03-30,2026-04-02,铜,Yahoo Finance,COMEX Copper Futures,HG=F,84580.3806021656,人民币/吨,84261.98477981112,85756.47763357374,82297.57561413308,1.9080870953168239,5.562625050544739,5.563000202178955,美元/磅,1.8627905053302252,6.870500087738037,CNY=X,4
2026-03-30,2026-04-02,黄金,Yahoo Finance,COMEX Gold Futures,GC=F,1031.546453106057,人民币/克,1027.47777567148,1061.5216227581616,980.7152897896702,4.723906478767681,4652.0750732421875,4651.5,美元/金衡盎司,4.678861029973347,6.870500087738037,CNY=X,4
2026-03-30,2026-04-03,锡,SHFE official,SHFE Tin Futures,SN,368098.0,人民币/吨,365740.0,378400.0,356400.0,5.735180908391069,368098.0,365740.0,人民币/吨,5.735180908391069,,not_required,5
2026-04-06,2026-04-10,白银,Yahoo Finance,COMEX Silver Futures,SI=F,16.412769881480855,人民币/克,16.763391230137916,17.073698645238835,15.488975592717185,0.8360292984064044,74.46239929199218,76.3239974975586,美元/金衡盎司,1.4418832394140768,6.831399917602539,CNY=X,5
2026-04-06,2026-04-10,铜,Yahoo Finance,COMEX Copper Futures,HG=F,86171.22778776128,人民币/吨,88413.59879065337,88413.59879065337,84125.9982602824,1.8808702139547329,5.701200008392334,5.870500087738037,美元/磅,2.491179193068649,6.831399917602539,CNY=X,5
2026-04-07,2026-04-10,锡,SHFE official,SHFE Tin Futures,SN,371667.5,人民币/吨,374790.0,381680.0,360000.0,0.9697145868763135,371667.5,374790.0,人民币/吨,0.9697145868763135,,not_required,4
2026-04-06,2026-04-10,黄金,Yahoo Finance,COMEX Gold Futures,GC=F,1041.184922773191,人民币/克,1045.8780158140596,1069.3933556046884,1018.9681484459255,0.934370879577151,4723.5,4761.89990234375,美元/金衡盎司,1.5353347835815212,6.831399917602539,CNY=X,5
2026-04-13,2026-04-17,白银,Yahoo Finance,COMEX Silver Futures,SI=F,17.317587228595745,人民币/克,17.92542639251426,18.164906405371514,15.979875077012933,5.512886329661071,78.94980010986328,81.73799896240234,美元/金衡盎司,6.026398370907282,6.821100234985352,CNY=X,5
2026-04-13,2026-04-17,铜,Yahoo Finance,COMEX Copper Futures,HG=F,91114.92671105756,人民币/吨,91784.1376601279,91814.21855467117,89955.06348843208,5.73706450542002,6.057699966430664,6.103499889373779,美元/磅,6.253068784002513,6.821100234985352,CNY=X,5
2026-04-13,2026-04-17,锡,SHFE official,SHFE Tin Futures,SN,385156.0,人民币/吨,390660.0,398410.0,365800.0,3.629184687926701,385156.0,390660.0,人民币/吨,3.629184687926701,,not_required,5
2026-04-13,2026-04-17,黄金,Yahoo Finance,COMEX Gold Futures,GC=F,1053.3404232337057,人民币/克,1065.2885328751388,1070.135160867423,1032.6167216573463,1.1674679679512412,4802.07998046875,4857.60009765625,美元/金衡盎司,1.6635964955806104,6.821100234985352,CNY=X,5
2026-04-20,2026-04-24,白银,Yahoo Finance,COMEX Silver Futures,SI=F,16.934579403492975,人民币/克,16.763090497919727,17.522990723555818,16.557256376613594,-2.2116696745741016,77.22059936523438,76.38300323486328,美元/金衡盎司,-2.190253480341453,6.826000213623047,CNY=X,5
2026-04-20,2026-04-24,铜,Yahoo Finance,COMEX Copper Futures,HG=F,90998.96063887702,人民币/吨,90646.17214004093,92028.21062490044,89705.32883687857,-0.12727450525015227,6.051299953460694,6.023499965667725,美元/磅,-0.10565087418387131,6.826000213623047,CNY=X,5
2026-04-20,2026-04-24,锡,SHFE official,SHFE Tin Futures,SN,391120.0,人民币/吨,387630.0,399400.0,384600.0,1.5484634797328978,391120.0,387630.0,人民币/吨,1.5484634797328978,,not_required,5
2026-04-20,2026-04-24,黄金,Yahoo Finance,COMEX Gold Futures,GC=F,1037.9538232550149,人民币/克,1036.3606513465063,1054.4347433818814,1022.1396212191089,-1.4607433303902573,4732.97998046875,4722.2998046875,美元/金衡盎司,-1.4389597899461704,6.826000213623047,CNY=X,5
2026-04-27,2026-04-30,锡,SHFE official,SHFE Tin Futures,SN,388140.0,人民币/吨,387370.0,394650.0,378500.0,-0.7619145019431395,388140.0,387370.0,人民币/吨,-0.7619145019431395,,not_required,4
2026-04-27,2026-05-01,白银,Yahoo Finance,COMEX Silver Futures,SI=F,16.222308066980624,人民币/克,16.67145594351404,16.875374227032076,15.5824737490431,-4.20601728298865,73.85239868164062,75.95099639892578,美元/金衡盎司,-4.361790391787812,6.827300071716309,CNY=X,5
2026-04-27,2026-05-01,铜,Yahoo Finance,COMEX Copper Futures,HG=F,89377.22045214147,人民币/吨,89286.21334458319,90755.0267085857,88370.6632170598,-1.7821524282802703,5.933800125122071,5.932000160217285,美元/磅,-1.9417287069272704,6.827300071716309,CNY=X,5
2026-04-27,2026-05-01,黄金,Yahoo Finance,COMEX Gold Futures,GC=F,1012.925557708763,人民币/克,1016.2759661424994,1035.4022015970575,992.6751446910198,-2.411308189777017,4611.3400390625,4629.89990234375,美元/金衡盎司,-2.5700497764244212,6.827300071716309,CNY=X,5
2026-05-04,2026-05-08,白银,Yahoo Finance,COMEX Silver Futures,SI=F,16.798736295265268,人民币/克,17.5799814447621,17.99457786428071,15.914418298092183,3.5533058915206084,76.61739807128906,80.3949966430664,美元/金衡盎司,3.743953397597366,6.801400184631348,CNY=X,5
2026-05-04,2026-05-08,铜,Yahoo Finance,COMEX Copper Futures,HG=F,90965.07123732826,人民币/吨,93700.76098666577,93835.70904185178,87151.43062597173,1.7765721255977418,6.05019998550415,6.249000072479248,美元/磅,1.9616410719544675,6.801400184631348,CNY=X,5
2026-05-06,2026-05-08,锡,SHFE official,SHFE Tin Futures,SN,420943.3333333333,人民币/吨,425960.0,430690.0,390870.0,8.451417873275968,420943.3333333333,425960.0,人民币/吨,8.451417873275968,,not_required,3
2026-05-04,2026-05-08,黄金,Yahoo Finance,COMEX Gold Futures,GC=F,1016.391244043369,人民币/克,1032.2102887010553,1037.1271071531676,990.579290511523,0.34214620296928455,4635.4798828125,4720.39990234375,美元/金衡盎司,0.5234886940783445,6.801400184631348,CNY=X,5
2026-05-11,2026-05-15,白银,Yahoo Finance,COMEX Silver Futures,SI=F,18.413856982022097,人民币/克,16.83236650011711,19.410282873602327,16.580188411234065,9.614536822106379,84.31520080566406,77.16100311279297,美元/金衡盎司,10.04706884879143,6.785099983215332,CNY=X,5
2026-05-11,2026-05-15,铜,Yahoo Finance,COMEX Copper Futures,HG=F,96898.9981064662,人民币/吨,93513.59553318695,99500.8770842907,93214.4241202091,6.523302613215454,6.470600032806397,6.251500129699707,美元/磅,6.948531425564353,6.785099983215332,CNY=X,5
2026-05-11,2026-05-15,锡,SHFE official,SHFE Tin Futures,SN,423762.0,人民币/吨,409060.0,440590.0,408540.0,0.6696071521899327,423762.0,409060.0,人民币/吨,0.6696071521899327,,not_required,5
2026-05-11,2026-05-15,黄金,Yahoo Finance,COMEX Gold Futures,GC=F,1018.9166707087443,人民币/克,993.8296408817413,1040.995563441519,986.9580409366417,0.2484699351923414,4665.580078125,4555.7998046875,美元/金衡盎司,0.6493436725743429,6.785099983215332,CNY=X,5
2026-05-18,2026-05-22,白银,Yahoo Finance,COMEX Silver Futures,SI=F,16.631182546979613,人民币/克,16.598211932608777,17.154416321189746,16.132345059890916,-9.681157167577403,76.01179962158203,75.89299774169922,美元/金衡盎司,-9.848047688601646,6.802499771118164,CNY=X,5
2026-05-18,2026-05-22,铜,Yahoo Finance,COMEX Copper Futures,HG=F,93999.85931500157,人民币/吨,95110.62454678043,95200.6068453605,91762.56623640748,-2.9919182325076843,6.265299987792969,6.3420000076293945,美元/磅,-3.1728130926427567,6.802499771118164,CNY=X,5
2026-05-18,2026-05-22,锡,SHFE official,SHFE Tin Futures,SN,414442.0,人民币/吨,421320.0,425400.0,400300.0,-2.199347747084446,414442.0,421320.0,人民币/吨,-2.199347747084446,,not_required,5
2026-05-18,2026-05-22,黄金,Yahoo Finance,COMEX Gold Futures,GC=F,991.189982881504,人民币/克,988.7673221543265,1000.5339519422947,978.2643967385769,-2.7211928732066015,4530.1798828125,4521.0,美元/金衡盎司,-2.902108484802046,6.802499771118164,CNY=X,5
2026-05-26,2026-05-29,白银,Yahoo Finance,COMEX Silver Futures,SI=F,16.478094050030432,人民币/克,16.481715457940034,16.930830513508095,15.685392606772016,-0.9204907499315684,75.5412483215332,75.61599731445312,美元/金衡盎司,-0.619050334805149,6.7795000076293945,CNY=X,4
2026-05-26,2026-05-29,铜,Yahoo Finance,COMEX Copper Futures,HG=F,95061.66054491227,人民币/吨,95050.60641348918,96009.44937651507,93008.31127475195,1.1295774670816439,6.3553749322891235,6.359499931335449,美元/磅,1.4376796749022702,6.7795000076293945,CNY=X,4
2026-05-25,2026-05-29,锡,SHFE official,SHFE Tin Futures,SN,422788.0,人民币/吨,424650.0,433530.0,416010.0,2.0137920384517116,422788.0,424650.0,人民币/吨,2.0137920384517116,,not_required,5
2026-05-26,2026-05-29,黄金,Yahoo Finance,COMEX Gold Futures,GC=F,982.0161320182606,人民币/克,994.0338819226105,1000.8561747319374,950.9963801412455,-0.9255391016537495,4501.9249267578125,4560.5,美元/金衡盎司,-0.6237049473882261,6.7795000076293945,CNY=X,4
2026-06-01,2026-06-05,白银,Yahoo Finance,COMEX Silver Futures,SI=F,15.948447714718473,人民币/克,15.013929680925932,16.535422341342176,14.950122327759514,-3.214245128737936,73.3031997680664,68.94300079345703,美元/金衡盎司,-2.9626841006661464,6.773499965667725,CNY=X,5
2026-06-01,2026-06-05,铜,Yahoo Finance,COMEX Copper Futures,HG=F,96761.96848649374,人民币/吨,93532.91917577681,99217.19504249482,93368.6537164277,1.7886369034950222,6.485800075531006,6.263500213623047,美元/磅,2.052202185259655,6.773499965667725,CNY=X,5
2026-06-01,2026-06-05,锡,SHFE official,SHFE Tin Futures,SN,435006.0,人民币/吨,417850.0,451860.0,415620.0,2.8898644237774107,435006.0,417850.0,人民币/吨,2.8898644237774107,,not_required,5
2026-06-01,2026-06-05,黄金,Yahoo Finance,COMEX Gold Futures,GC=F,966.6163472753709,人民币/克,944.503649912607,987.9287937743414,940.5837344585888,-1.5681804240058383,4442.780078125,4337.10009765625,美元/金衡盎司,-1.3137679902496147,6.773499965667725,CNY=X,5
2026-06-08,2026-06-12,白银,Yahoo Finance,COMEX Silver Futures,SI=F,14.360191162942172,人民币/克,14.782226859951479,14.968355683712028,13.879895500874305,-9.958690527044423,65.9724006652832,67.85900115966797,美元/金衡盎司,-10.000653622185773,6.7754998207092285,CNY=X,5
2026-06-08,2026-06-12,铜,Yahoo Finance,COMEX Copper Futures,HG=F,94244.12418774217,人民币/吨,96055.08091740329,96055.08091740329,93302.6127165006,-2.6021011541358052,6.314099979400635,6.430500030517578,美元/磅,-2.647323292898651,6.7754998207092285,CNY=X,5
2026-06-08,2026-06-12,锡,SHFE official,SHFE Tin Futures,SN,402458.0,人民币/吨,407990.0,415550.0,390060.0,-7.482195647876122,402458.0,407990.0,人民币/吨,-7.482195647876122,,not_required,5
2026-06-08,2026-06-12,黄金,Yahoo Finance,COMEX Gold Futures,GC=F,914.6156698470443,人民币/克,918.1845466320793,944.9977324822138,877.7136983531836,-5.379660459385194,4201.880029296875,4215.0,美元/金衡盎司,-5.422281647796357,6.7754998207092285,CNY=X,5
2026-06-15,2026-06-18,白银,Yahoo Finance,COMEX Silver Futures,SI=F,15.04477587726248,人民币/克,14.3938330335242,15.413817102669423,14.3938330335242,4.767239562151104,69.22900009155273,66.25499725341797,美元/金衡盎司,4.9363057785211994,6.757199764251709,CNY=X,4
2026-06-15,2026-06-18,铜,Yahoo Finance,COMEX Copper Futures,HG=F,96219.28039400974,人民币/吨,94961.40451190317,96957.09533444242,94380.41805748815,2.095787109584557,6.456874966621399,6.374499797821045,美元/磅,2.2612088450699064,6.757199764251709,CNY=X,4
2026-06-15,2026-06-18,锡,SHFE official,SHFE Tin Futures,SN,421142.5,人民币/吨,414330.0,427630.0,408000.0,4.642596246067909,421142.5,414330.0,人民币/吨,4.642596246067909,,not_required,4
2026-06-15,2026-06-18,黄金,Yahoo Finance,COMEX Gold Futures,GC=F,936.7456244714741,人民币/克,917.6815944916625,950.8989479957344,917.5947161005332,2.4195905836744247,4310.4749755859375,4224.10009765625,美元/金衡盎司,2.5844370979633657,6.757199764251709,CNY=X,4
2026-06-22,2026-06-26,白银,Yahoo Finance,COMEX Silver Futures,SI=F,13.221158234340319,人民币/克,12.927282178222782,14.259693766517273,12.497879266541862,-12.121268258161532,60.632799530029295,59.21699905395508,美元/金衡盎司,-12.417051452650318,6.789999961853027,CNY=X,5
2026-06-22,2026-06-26,铜,Yahoo Finance,COMEX Copper Futures,HG=F,91667.88090705345,人民币/吨,91934.4933863013,94853.02150158855,88746.01652878456,-4.730236464374604,6.130499935150146,6.141499996185303,美元/磅,-5.0546902821943736,6.789999961853027,CNY=X,5
2026-06-22,2026-06-26,锡,SHFE official,SHFE Tin Futures,SN,398162.0,人民币/吨,387220.0,424500.0,374500.0,-5.4567040847219195,398162.0,387220.0,人民币/吨,-5.4567040847219195,,not_required,5
2026-06-22,2026-06-26,黄金,Yahoo Finance,COMEX Gold Futures,GC=F,890.1848465410936,人民币/克,890.394752038363,917.5541534416925,865.20254161281,-4.97048256367899,4082.2599609375,4078.699951171875,美元/金衡盎司,-5.2944284780916835,6.789999961853027,CNY=X,5
2026-06-29,2026-07-02,白银,Yahoo Finance,COMEX Silver Futures,SI=F,13.019048800283446,人民币/克,13.246772391397592,13.454725865765598,12.457545571333624,-1.5286817574871603,59.59500026702881,60.64300155639648,美元/金衡盎司,-1.7116136332885334,6.7941999435424805,CNY=X,4
2026-06-29,2026-07-02,铜,Yahoo Finance,COMEX Copper Futures,HG=F,91857.7606801042,人民币/吨,91586.93711234022,93638.23013685715,90612.8156307035,0.2071388267863128,6.131999969482422,6.114500045776367,美元/磅,0.024468385093268097,6.7941999435424805,CNY=X,4
2026-06-29,2026-07-02,黄金,Yahoo Finance,COMEX Gold Futures,GC=F,886.1909551377373,人民币/克,898.3724750282366,904.357671350629,865.4865338559173,-0.4486586599260822,4056.550048828125,4112.7001953125,美元/金衡盎司,-0.6297960530536773,6.7941999435424805,CNY=X,4
2026-06-29,2026-07-03,锡,SHFE official,SHFE Tin Futures,SN,394876.0,人民币/吨,402180.0,404780.0,383650.0,-0.8252922177405142,394876.0,402180.0,人民币/吨,-0.8252922177405142,,not_required,5
2026-07-06,2026-07-10,白银,Yahoo Finance,COMEX Silver Futures,SI=F,13.159341261809928,人民币/克,13.060555764609463,13.667350614077707,12.615527331297994,1.0775937910565858,60.24039916992187,59.80899810791016,美元/金衡盎司,1.082974914004886,6.792099952697754,CNY=X,5
2026-07-06,2026-07-10,铜,Yahoo Finance,COMEX Copper Futures,HG=F,92429.67859514689,人民币/吨,93340.53630812786,93535.94504828006,90093.44012621243,0.6226125161426621,6.170500087738037,6.233500003814697,美元/磅,0.6278558129031442,6.792099952697754,CNY=X,5
2026-07-06,2026-07-10,锡,SHFE official,SHFE Tin Futures,SN,412620.0,人民币/吨,415680.0,419350.0,401100.0,4.493562536087281,412620.0,415680.0,人民币/吨,4.493562536087281,,not_required,5
2026-07-06,2026-07-10,黄金,Yahoo Finance,COMEX Gold Futures,GC=F,900.266278871004,人民币/克,896.2167881874178,916.6205049888675,885.2273850342026,1.5882946730232606,4121.2,4104.10009765625,美元/金衡盎司,1.5937175775891488,6.792099952697754,CNY=X,5
2026-07-13,2026-07-17,白银,Yahoo Finance,COMEX Silver Futures,SI=F,12.432617817592968,人民币/克,12.201765975678398,12.991862531951453,11.979017261023685,-5.522491056037914,57.090399169921874,56.03799819946289,美元/金衡盎司,-5.229049015951404,6.772500038146973,CNY=X,5
2026-07-13,2026-07-17,铜,Yahoo Finance,COMEX Copper Futures,HG=F,93695.27548496031,人民币/吨,92869.61510479223,95461.6302688497,91824.46318597234,1.3692538035936286,6.274499893188477,6.21999979019165,美元/磅,1.6854356044351704,6.772500038146973,CNY=X,5
2026-07-13,2026-07-17,锡,SHFE official,SHFE Tin Futures,SN,411092.0,人民币/吨,403970.0,421800.0,402300.0,-0.37031651398381493,411092.0,403970.0,人民币/吨,-0.37031651398381493,,not_required,5
2026-07-13,2026-07-17,黄金,Yahoo Finance,COMEX Gold Futures,GC=F,875.44892498637,人民币/克,873.7290286590687,891.7424337649322,863.1685934394882,-2.756668162197151,4020.080029296875,4012.699951171875,美元/金衡盎司,-2.4536535645716007,6.772500038146973,CNY=X,5
