date,symbol,variety,open,high,low,close,settle,pre_settle,volume,open_interest,turnover,source,source_url,selection_rule,unit
2025-07-17,SN2508,SN,262000.0,262800.0,260640.0,261920.0,261740.0,263470.0,62243,22969.0,1629208.438,SHFE official,https://www.shfe.com.cn/data/tradedata/future/dailydata/kx20250717.dat,每日成交量最高的 SHFE 锡合约,人民币/吨
2025-07-18,SN2508,SN,261000.0,266470.0,260800.0,264540.0,263900.0,261740.0,68576,19626.0,1809774.113,SHFE official,https://www.shfe.com.cn/data/tradedata/future/dailydata/kx20250718.dat,每日成交量最高的 SHFE 锡合约,人民币/吨
2025-07-21,SN2508,SN,263800.0,268090.0,263200.0,267250.0,265570.0,263900.0,73273,18692.0,1945973.315,SHFE official,https://www.shfe.com.cn/data/tradedata/future/dailydata/kx20250721.dat,每日成交量最高的 SHFE 锡合约,人民币/吨
2025-07-22,SN2508,SN,268000.0,268930.0,265720.0,268520.0,267430.0,265570.0,63667,16761.0,1702680.396,SHFE official,https://www.shfe.com.cn/data/tradedata/future/dailydata/kx20250722.dat,每日成交量最高的 SHFE 锡合约,人民币/吨
2025-07-23,SN2508,SN,268420.0,270120.0,267660.0,268540.0,268900.0,267430.0,69039,15704.0,1856510.758,SHFE official,https://www.shfe.com.cn/data/tradedata/future/dailydata/kx20250723.dat,每日成交量最高的 SHFE 锡合约,人民币/吨
2025-07-24,SN2508,SN,271810.0,275750.0,270900.0,273950.0,273670.0,268900.0,104530,14958.0,2860743.919,SHFE official,https://www.shfe.com.cn/data/tradedata/future/dailydata/kx20250724.dat,每日成交量最高的 SHFE 锡合约,人民币/吨
2025-07-25,SN2509,SN,272990.0,273000.0,269250.0,272120.0,271310.0,273920.0,67410,33016.0,1828908.512,SHFE official,https://www.shfe.com.cn/data/tradedata/future/dailydata/kx20250725.dat,每日成交量最高的 SHFE 锡合约,人民币/吨
2025-07-28,SN2509,SN,271350.0,272000.0,266800.0,267880.0,268690.0,271310.0,99762,31508.0,2680600.336,SHFE official,https://www.shfe.com.cn/data/tradedata/future/dailydata/kx20250728.dat,每日成交量最高的 SHFE 锡合约,人民币/吨
2025-07-29,SN2509,SN,268550.0,269700.0,265350.0,266660.0,267360.0,268690.0,73248,29121.0,1958373.141,SHFE official,https://www.shfe.com.cn/data/tradedata/future/dailydata/kx20250729.dat,每日成交量最高的 SHFE 锡合约,人民币/吨
2025-07-30,SN2509,SN,267430.0,268340.0,266690.0,267870.0,267740.0,267360.0,61692,28583.0,1651780.23,SHFE official,https://www.shfe.com.cn/data/tradedata/future/dailydata/kx20250730.dat,每日成交量最高的 SHFE 锡合约,人民币/吨
2025-07-31,SN2509,SN,267900.0,267950.0,264670.0,265290.0,266160.0,267740.0,61840,27818.0,1645975.91,SHFE official,https://www.shfe.com.cn/data/tradedata/future/dailydata/kx20250731.dat,每日成交量最高的 SHFE 锡合约,人民币/吨
2025-08-01,SN2509,SN,263970.0,265710.0,262910.0,264950.0,264250.0,266160.0,58290,27519.0,1540345.956,SHFE official,https://www.shfe.com.cn/data/tradedata/future/dailydata/kx20250801.dat,每日成交量最高的 SHFE 锡合约,人民币/吨
2025-08-04,SN2509,SN,266200.0,267140.0,264980.0,266490.0,266150.0,264250.0,55445,27212.0,1475679.216,SHFE official,https://www.shfe.com.cn/data/tradedata/future/dailydata/kx20250804.dat,每日成交量最高的 SHFE 锡合约,人民币/吨
2025-08-05,SN2509,SN,266100.0,267650.0,265080.0,267490.0,266140.0,266150.0,42925,26388.0,1142439.365,SHFE official,https://www.shfe.com.cn/data/tradedata/future/dailydata/kx20250805.dat,每日成交量最高的 SHFE 锡合约,人民币/吨
2025-08-06,SN2509,SN,266870.0,267700.0,266080.0,266940.0,266860.0,266140.0,35662,24719.0,951698.433,SHFE official,https://www.shfe.com.cn/data/tradedata/future/dailydata/kx20250806.dat,每日成交量最高的 SHFE 锡合约,人民币/吨
2025-08-07,SN2509,SN,268000.0,268700.0,266550.0,267940.0,267530.0,266860.0,44115,24776.0,1180226.959,SHFE official,https://www.shfe.com.cn/data/tradedata/future/dailydata/kx20250807.dat,每日成交量最高的 SHFE 锡合约,人民币/吨
2025-08-08,SN2509,SN,268490.0,268790.0,267260.0,267780.0,268140.0,267530.0,42882,24395.0,1149841.292,SHFE official,https://www.shfe.com.cn/data/tradedata/future/dailydata/kx20250808.dat,每日成交量最高的 SHFE 锡合约,人民币/吨
2025-08-11,SN2509,SN,268280.0,268880.0,266850.0,268380.0,267960.0,268140.0,52991,24278.0,1419965.187,SHFE official,https://www.shfe.com.cn/data/tradedata/future/dailydata/kx20250811.dat,每日成交量最高的 SHFE 锡合约,人民币/吨
2025-08-12,SN2509,SN,268480.0,272000.0,268100.0,270200.0,270410.0,267960.0,79102,26525.0,2139006.722,SHFE official,https://www.shfe.com.cn/data/tradedata/future/dailydata/kx20250812.dat,每日成交量最高的 SHFE 锡合约,人民币/吨
2025-08-13,SN2509,SN,270340.0,271000.0,269050.0,269820.0,270150.0,270410.0,41715,25370.0,1126970.229,SHFE official,https://www.shfe.com.cn/data/tradedata/future/dailydata/kx20250813.dat,每日成交量最高的 SHFE 锡合约,人民币/吨
2025-08-14,SN2509,SN,269130.0,269790.0,267100.0,267420.0,268590.0,270150.0,45190,23456.0,1213772.637,SHFE official,https://www.shfe.com.cn/data/tradedata/future/dailydata/kx20250814.dat,每日成交量最高的 SHFE 锡合约,人民币/吨
2025-08-15,SN2509,SN,267160.0,267750.0,265240.0,266820.0,266560.0,268590.0,45382,22061.0,1209716.915,SHFE official,https://www.shfe.com.cn/data/tradedata/future/dailydata/kx20250815.dat,每日成交量最高的 SHFE 锡合约,人民币/吨
2025-08-18,SN2509,SN,266820.0,267610.0,266210.0,267020.0,266860.0,266560.0,34781,22096.0,928174.595,SHFE official,https://www.shfe.com.cn/data/tradedata/future/dailydata/kx20250818.dat,每日成交量最高的 SHFE 锡合约,人民币/吨
2025-08-19,SN2509,SN,266560.0,268170.0,265450.0,268090.0,266510.0,266860.0,44882,21004.0,1196163.323,SHFE official,https://www.shfe.com.cn/data/tradedata/future/dailydata/kx20250819.dat,每日成交量最高的 SHFE 锡合约,人民币/吨
2025-08-20,SN2509,SN,268090.0,269620.0,266320.0,267840.0,268440.0,266510.0,64459,19377.0,1730372.115,SHFE official,https://www.shfe.com.cn/data/tradedata/future/dailydata/kx20250820.dat,每日成交量最高的 SHFE 锡合约,人民币/吨
2025-08-21,SN2509,SN,267520.0,269040.0,266420.0,266480.0,267650.0,268440.0,36709,18744.0,982516.966,SHFE official,https://www.shfe.com.cn/data/tradedata/future/dailydata/kx20250821.dat,每日成交量最高的 SHFE 锡合约,人民币/吨
2025-08-22,SN2509,SN,267050.0,267530.0,265040.0,265930.0,266330.0,267650.0,34606,18073.0,921669.185,SHFE official,https://www.shfe.com.cn/data/tradedata/future/dailydata/kx20250822.dat,每日成交量最高的 SHFE 锡合约,人民币/吨
2025-08-25,SN2509,SN,266000.0,271090.0,266000.0,269570.0,269030.0,266330.0,62749,13540.0,1688189.134,SHFE official,https://www.shfe.com.cn/data/tradedata/future/dailydata/kx20250825.dat,每日成交量最高的 SHFE 锡合约,人民币/吨
2025-08-26,SN2510,SN,269770.0,270690.0,268660.0,269760.0,269730.0,269340.0,39088,25992.0,1054348.13,SHFE official,https://www.shfe.com.cn/data/tradedata/future/dailydata/kx20250826.dat,每日成交量最高的 SHFE 锡合约,人民币/吨
2025-08-27,SN2510,SN,269550.0,273570.0,269030.0,271790.0,271490.0,269730.0,90281,33309.0,2451100.143,SHFE official,https://www.shfe.com.cn/data/tradedata/future/dailydata/kx20250827.dat,每日成交量最高的 SHFE 锡合约,人民币/吨
2025-08-28,SN2510,SN,271940.0,273360.0,271210.0,272680.0,272350.0,271490.0,69202,35483.0,1884733.66,SHFE official,https://www.shfe.com.cn/data/tradedata/future/dailydata/kx20250828.dat,每日成交量最高的 SHFE 锡合约,人民币/吨
2025-08-29,SN2510,SN,274000.0,278880.0,272810.0,278650.0,275810.0,272350.0,144881,46298.0,3995992.14,SHFE official,https://www.shfe.com.cn/data/tradedata/future/dailydata/kx20250829.dat,每日成交量最高的 SHFE 锡合约,人民币/吨
2025-09-01,SN2510,SN,278810.0,279010.0,271540.0,273240.0,273770.0,275810.0,146445,35983.0,4009265.12,SHFE official,https://www.shfe.com.cn/data/tradedata/future/dailydata/kx20250901.dat,每日成交量最高的 SHFE 锡合约,人民币/吨
2025-09-02,SN2510,SN,273500.0,275500.0,273300.0,273980.0,274360.0,273770.0,70585,34947.0,1936624.74,SHFE official,https://www.shfe.com.cn/data/tradedata/future/dailydata/kx20250902.dat,每日成交量最高的 SHFE 锡合约,人民币/吨
2025-09-03,SN2510,SN,273980.0,274670.0,272060.0,273120.0,273110.0,274360.0,71671,33999.0,1957421.504,SHFE official,https://www.shfe.com.cn/data/tradedata/future/dailydata/kx20250903.dat,每日成交量最高的 SHFE 锡合约,人民币/吨
2025-09-04,SN2510,SN,272830.0,274150.0,271330.0,272020.0,272800.0,273110.0,64984,31788.0,1772793.987,SHFE official,https://www.shfe.com.cn/data/tradedata/future/dailydata/kx20250904.dat,每日成交量最高的 SHFE 锡合约,人民币/吨
2025-09-05,SN2510,SN,272300.0,273360.0,271030.0,272460.0,272250.0,272800.0,54111,30127.0,1473211.368,SHFE official,https://www.shfe.com.cn/data/tradedata/future/dailydata/kx20250905.dat,每日成交量最高的 SHFE 锡合约,人民币/吨
2025-09-08,SN2510,SN,273340.0,274380.0,269090.0,270700.0,271110.0,272250.0,79322,28793.0,2150562.05,SHFE official,https://www.shfe.com.cn/data/tradedata/future/dailydata/kx20250908.dat,每日成交量最高的 SHFE 锡合约,人民币/吨
2025-09-09,SN2510,SN,271000.0,271510.0,268640.0,269620.0,269790.0,271110.0,47484,28206.0,1281113.594,SHFE official,https://www.shfe.com.cn/data/tradedata/future/dailydata/kx20250909.dat,每日成交量最高的 SHFE 锡合约,人民币/吨
2025-09-10,SN2510,SN,269080.0,271060.0,268010.0,270430.0,269480.0,269790.0,48660,27350.0,1311327.867,SHFE official,https://www.shfe.com.cn/data/tradedata/future/dailydata/kx20250910.dat,每日成交量最高的 SHFE 锡合约,人民币/吨
2025-09-11,SN2510,SN,271180.0,272680.0,270430.0,271260.0,271410.0,269480.0,57815,26606.0,1569202.917,SHFE official,https://www.shfe.com.cn/data/tradedata/future/dailydata/kx20250911.dat,每日成交量最高的 SHFE 锡合约,人民币/吨
2025-09-12,SN2510,SN,271610.0,274900.0,270650.0,273950.0,272850.0,271410.0,69879,27490.0,1906695.564,SHFE official,https://www.shfe.com.cn/data/tradedata/future/dailydata/kx20250912.dat,每日成交量最高的 SHFE 锡合约,人民币/吨
2025-09-15,SN2510,SN,273880.0,275030.0,272320.0,273960.0,273890.0,272850.0,54239,26117.0,1485582.251,SHFE official,https://www.shfe.com.cn/data/tradedata/future/dailydata/kx20250915.dat,每日成交量最高的 SHFE 锡合约,人民币/吨
2025-09-16,SN2510,SN,273030.0,273840.0,271770.0,272730.0,272740.0,273890.0,60693,24273.0,1655400.635,SHFE official,https://www.shfe.com.cn/data/tradedata/future/dailydata/kx20250916.dat,每日成交量最高的 SHFE 锡合约,人民币/吨
2025-09-17,SN2510,SN,273190.0,274530.0,271370.0,272540.0,273090.0,272740.0,55355,23007.0,1511695.672,SHFE official,https://www.shfe.com.cn/data/tradedata/future/dailydata/kx20250917.dat,每日成交量最高的 SHFE 锡合约,人民币/吨
2025-09-18,SN2510,SN,271000.0,271600.0,268460.0,269100.0,270240.0,273090.0,66986,22824.0,1810231.55,SHFE official,https://www.shfe.com.cn/data/tradedata/future/dailydata/kx20250918.dat,每日成交量最高的 SHFE 锡合约,人民币/吨
2025-09-19,SN2510,SN,268270.0,269600.0,267310.0,268770.0,268470.0,270240.0,56060,20216.0,1505084.776,SHFE official,https://www.shfe.com.cn/data/tradedata/future/dailydata/kx20250919.dat,每日成交量最高的 SHFE 锡合约,人民币/吨
2025-09-22,SN2510,SN,268250.0,273570.0,268100.0,272510.0,271360.0,268470.0,64565,16287.0,1752046.977,SHFE official,https://www.shfe.com.cn/data/tradedata/future/dailydata/kx20250922.dat,每日成交量最高的 SHFE 锡合约,人民币/吨
2025-09-23,SN2510,SN,271500.0,271700.0,269050.0,269880.0,270250.0,271360.0,52377,13227.0,1415539.167,SHFE official,https://www.shfe.com.cn/data/tradedata/future/dailydata/kx20250923.dat,每日成交量最高的 SHFE 锡合约,人民币/吨
2025-09-24,SN2510,SN,269880.0,272530.0,269880.0,271650.0,271570.0,270250.0,42728,10808.0,1160402.49,SHFE official,https://www.shfe.com.cn/data/tradedata/future/dailydata/kx20250924.dat,每日成交量最高的 SHFE 锡合约,人民币/吨
2025-09-25,SN2511,SN,272530.0,274490.0,272020.0,274100.0,273490.0,271840.0,54713,27057.0,1496379.31,SHFE official,https://www.shfe.com.cn/data/tradedata/future/dailydata/kx20250925.dat,每日成交量最高的 SHFE 锡合约,人民币/吨
2025-09-26,SN2511,SN,273500.0,275100.0,272320.0,274070.0,273550.0,273490.0,64707,29291.0,1770098.76,SHFE official,https://www.shfe.com.cn/data/tradedata/future/dailydata/kx20250926.dat,每日成交量最高的 SHFE 锡合约,人民币/吨
2025-09-29,SN2511,SN,274070.0,274240.0,270610.0,272410.0,272520.0,273550.0,60149,26590.0,1639237.527,SHFE official,https://www.shfe.com.cn/data/tradedata/future/dailydata/kx20250929.dat,每日成交量最高的 SHFE 锡合约,人民币/吨
2025-09-30,SN2511,SN,274170.0,283000.0,274170.0,275070.0,278760.0,272520.0,181031,28744.0,5046488.263,SHFE official,https://www.shfe.com.cn/data/tradedata/future/dailydata/kx20250930.dat,每日成交量最高的 SHFE 锡合约,人民币/吨
2025-10-09,SN2511,SN,280200.0,288460.0,280180.0,287090.0,285070.0,278760.0,78981,34948.0,2251558.144,SHFE official,https://www.shfe.com.cn/data/tradedata/future/dailydata/kx20251009.dat,每日成交量最高的 SHFE 锡合约,人民币/吨
2025-10-10,SN2511,SN,289500.0,290640.0,285440.0,286350.0,288430.0,285070.0,105146,34660.0,3032808.297,SHFE official,https://www.shfe.com.cn/data/tradedata/future/dailydata/kx20251010.dat,每日成交量最高的 SHFE 锡合约,人民币/吨
2025-10-13,SN2511,SN,287030.0,287420.0,280600.0,282110.0,283550.0,288430.0,106939,30938.0,3032287.057,SHFE official,https://www.shfe.com.cn/data/tradedata/future/dailydata/kx20251013.dat,每日成交量最高的 SHFE 锡合约,人民币/吨
2025-10-14,SN2511,SN,282800.0,284130.0,279310.0,280430.0,282140.0,283550.0,77953,29326.0,2199422.077,SHFE official,https://www.shfe.com.cn/data/tradedata/future/dailydata/kx20251014.dat,每日成交量最高的 SHFE 锡合约,人民币/吨
2025-10-15,SN2511,SN,279050.0,281900.0,278200.0,281710.0,280410.0,282140.0,56904,28565.0,1595684.964,SHFE official,https://www.shfe.com.cn/data/tradedata/future/dailydata/kx20251015.dat,每日成交量最高的 SHFE 锡合约,人民币/吨
2025-10-16,SN2511,SN,280600.0,282050.0,278100.0,281350.0,280030.0,280410.0,61156,26792.0,1712600.011,SHFE official,https://www.shfe.com.cn/data/tradedata/future/dailydata/kx20251016.dat,每日成交量最高的 SHFE 锡合约,人民币/吨
2025-10-17,SN2511,SN,280200.0,283470.0,279640.0,280750.0,281380.0,280030.0,60963,25308.0,1715397.382,SHFE official,https://www.shfe.com.cn/data/tradedata/future/dailydata/kx20251017.dat,每日成交量最高的 SHFE 锡合约,人民币/吨
2025-10-20,SN2511,SN,278500.0,280360.0,277280.0,279340.0,278950.0,281380.0,61538,22556.0,1716619.187,SHFE official,https://www.shfe.com.cn/data/tradedata/future/dailydata/kx20251020.dat,每日成交量最高的 SHFE 锡合约,人民币/吨
2025-10-21,SN2511,SN,278930.0,281830.0,278510.0,280870.0,280630.0,278950.0,47366,19553.0,1329273.318,SHFE official,https://www.shfe.com.cn/data/tradedata/future/dailydata/kx20251021.dat,每日成交量最高的 SHFE 锡合约,人民币/吨
2025-10-22,SN2511,SN,280650.0,281950.0,279690.0,281680.0,280940.0,280630.0,38638,17330.0,1085515.072,SHFE official,https://www.shfe.com.cn/data/tradedata/future/dailydata/kx20251022.dat,每日成交量最高的 SHFE 锡合约,人民币/吨
2025-10-23,SN2512,SN,281430.0,282000.0,279830.0,281650.0,280890.0,281350.0,43378,32025.0,1218478.36,SHFE official,https://www.shfe.com.cn/data/tradedata/future/dailydata/kx20251023.dat,每日成交量最高的 SHFE 锡合约,人民币/吨
2025-10-24,SN2512,SN,282530.0,284780.0,282020.0,284300.0,283460.0,280890.0,70781,38076.0,2006382.472,SHFE official,https://www.shfe.com.cn/data/tradedata/future/dailydata/kx20251024.dat,每日成交量最高的 SHFE 锡合约,人民币/吨
2025-10-27,SN2512,SN,283260.0,289590.0,282030.0,286720.0,284960.0,283460.0,102206,45084.0,2912473.715,SHFE official,https://www.shfe.com.cn/data/tradedata/future/dailydata/kx20251027.dat,每日成交量最高的 SHFE 锡合约,人民币/吨
2025-10-28,SN2512,SN,287050.0,287690.0,282160.0,283170.0,284870.0,284960.0,88270,40436.0,2514565.028,SHFE official,https://www.shfe.com.cn/data/tradedata/future/dailydata/kx20251028.dat,每日成交量最高的 SHFE 锡合约,人民币/吨
2025-10-29,SN2512,SN,284880.0,287390.0,284690.0,286720.0,286250.0,284870.0,77861,41157.0,2228774.446,SHFE official,https://www.shfe.com.cn/data/tradedata/future/dailydata/kx20251029.dat,每日成交量最高的 SHFE 锡合约,人民币/吨
2025-10-30,SN2512,SN,286360.0,286720.0,282900.0,283600.0,284690.0,286250.0,74299,38515.0,2115281.77,SHFE official,https://www.shfe.com.cn/data/tradedata/future/dailydata/kx20251030.dat,每日成交量最高的 SHFE 锡合约,人民币/吨
2025-10-31,SN2512,SN,283300.0,286460.0,282050.0,283910.0,283740.0,284690.0,72347,36714.0,2052827.545,SHFE official,https://www.shfe.com.cn/data/tradedata/future/dailydata/kx20251031.dat,每日成交量最高的 SHFE 锡合约,人民币/吨
2025-11-03,SN2512,SN,285580.0,286750.0,284550.0,285760.0,285620.0,283740.0,69211,36562.0,1976821.67,SHFE official,https://www.shfe.com.cn/data/tradedata/future/dailydata/kx20251103.dat,每日成交量最高的 SHFE 锡合约,人民币/吨
2025-11-04,SN2512,SN,285500.0,285820.0,283020.0,283730.0,284610.0,285620.0,62832,34378.0,1788267.741,SHFE official,https://www.shfe.com.cn/data/tradedata/future/dailydata/kx20251104.dat,每日成交量最高的 SHFE 锡合约,人民币/吨
2025-11-05,SN2512,SN,283550.0,284570.0,279200.0,282090.0,282030.0,284610.0,71165,32622.0,2007068.237,SHFE official,https://www.shfe.com.cn/data/tradedata/future/dailydata/kx20251105.dat,每日成交量最高的 SHFE 锡合约,人民币/吨
2025-11-06,SN2512,SN,281990.0,283970.0,281200.0,283420.0,282800.0,282030.0,46812,30385.0,1323864.305,SHFE official,https://www.shfe.com.cn/data/tradedata/future/dailydata/kx20251106.dat,每日成交量最高的 SHFE 锡合约,人民币/吨
2025-11-07,SN2512,SN,284000.0,284760.0,282590.0,283510.0,283620.0,282800.0,46181,30090.0,1309826.442,SHFE official,https://www.shfe.com.cn/data/tradedata/future/dailydata/kx20251107.dat,每日成交量最高的 SHFE 锡合约,人民币/吨
2025-11-10,SN2512,SN,283980.0,287700.0,283920.0,286560.0,285790.0,283620.0,70764,34257.0,2022394.855,SHFE official,https://www.shfe.com.cn/data/tradedata/future/dailydata/kx20251110.dat,每日成交量最高的 SHFE 锡合约,人民币/吨
2025-11-11,SN2512,SN,287510.0,288450.0,286200.0,288180.0,287410.0,285790.0,49439,36392.0,1420935.634,SHFE official,https://www.shfe.com.cn/data/tradedata/future/dailydata/kx20251111.dat,每日成交量最高的 SHFE 锡合约,人民币/吨
2025-11-12,SN2512,SN,288180.0,293300.0,288100.0,292440.0,291510.0,287410.0,124419,40779.0,3626979.413,SHFE official,https://www.shfe.com.cn/data/tradedata/future/dailydata/kx20251112.dat,每日成交量最高的 SHFE 锡合约,人民币/吨
2025-11-13,SN2512,SN,293300.0,299980.0,293300.0,298140.0,296700.0,291510.0,151802,43594.0,4504096.249,SHFE official,https://www.shfe.com.cn/data/tradedata/future/dailydata/kx20251113.dat,每日成交量最高的 SHFE 锡合约,人民币/吨
2025-11-14,SN2512,SN,297000.0,297000.0,291030.0,291450.0,294250.0,296700.0,103936,36341.0,3058377.137,SHFE official,https://www.shfe.com.cn/data/tradedata/future/dailydata/kx20251114.dat,每日成交量最高的 SHFE 锡合约,人民币/吨
2025-11-17,SN2512,SN,291040.0,291860.0,288230.0,290360.0,289940.0,294250.0,78290,31904.0,2269987.385,SHFE official,https://www.shfe.com.cn/data/tradedata/future/dailydata/kx20251117.dat,每日成交量最高的 SHFE 锡合约,人民币/吨
2025-11-18,SN2512,SN,290850.0,291820.0,288100.0,288890.0,289930.0,289940.0,67408,27950.0,1954399.597,SHFE official,https://www.shfe.com.cn/data/tradedata/future/dailydata/kx20251118.dat,每日成交量最高的 SHFE 锡合约,人民币/吨
2025-11-19,SN2512,SN,289360.0,294520.0,289360.0,293370.0,292380.0,289930.0,93871,27645.0,2744688.048,SHFE official,https://www.shfe.com.cn/data/tradedata/future/dailydata/kx20251119.dat,每日成交量最高的 SHFE 锡合约,人民币/吨
2025-11-20,SN2512,SN,294350.0,295900.0,291200.0,292030.0,293470.0,292380.0,67334,24513.0,1976116.4,SHFE official,https://www.shfe.com.cn/data/tradedata/future/dailydata/kx20251120.dat,每日成交量最高的 SHFE 锡合约,人民币/吨
2025-11-21,SN2512,SN,293320.0,294470.0,289530.0,290740.0,292120.0,293470.0,56118,21582.0,1639335.672,SHFE official,https://www.shfe.com.cn/data/tradedata/future/dailydata/kx20251121.dat,每日成交量最高的 SHFE 锡合约,人民币/吨
2025-11-24,SN2601,SN,292190.0,296950.0,291070.0,293510.0,294230.0,292570.0,79841,42170.0,2349210.673,SHFE official,https://www.shfe.com.cn/data/tradedata/future/dailydata/kx20251124.dat,每日成交量最高的 SHFE 锡合约,人民币/吨
2025-11-25,SN2601,SN,295180.0,296760.0,294290.0,295290.0,295390.0,294230.0,77707,44785.0,2295462.405,SHFE official,https://www.shfe.com.cn/data/tradedata/future/dailydata/kx20251125.dat,每日成交量最高的 SHFE 锡合约,人民币/吨
2025-11-26,SN2601,SN,296060.0,297500.0,293770.0,295880.0,295960.0,295390.0,96629,44727.0,2859923.148,SHFE official,https://www.shfe.com.cn/data/tradedata/future/dailydata/kx20251126.dat,每日成交量最高的 SHFE 锡合约,人民币/吨
2025-11-27,SN2601,SN,297000.0,304970.0,296240.0,302200.0,300440.0,295960.0,172496,54843.0,5182549.496,SHFE official,https://www.shfe.com.cn/data/tradedata/future/dailydata/kx20251127.dat,每日成交量最高的 SHFE 锡合约,人民币/吨
2025-11-28,SN2601,SN,300990.0,306060.0,297500.0,305040.0,301500.0,300440.0,164904,56356.0,4971997.638,SHFE official,https://www.shfe.com.cn/data/tradedata/future/dailydata/kx20251128.dat,每日成交量最高的 SHFE 锡合约,人民币/吨
2025-12-01,SN2601,SN,306500.0,313700.0,304860.0,306580.0,307730.0,301500.0,206252,52425.0,6347137.504,SHFE official,https://www.shfe.com.cn/data/tradedata/future/dailydata/kx20251201.dat,每日成交量最高的 SHFE 锡合约,人民币/吨
2025-12-02,SN2601,SN,305000.0,308100.0,303500.0,306980.0,305800.0,307730.0,134175,49218.0,4103191.481,SHFE official,https://www.shfe.com.cn/data/tradedata/future/dailydata/kx20251202.dat,每日成交量最高的 SHFE 锡合约,人民币/吨
2025-12-03,SN2601,SN,305880.0,314120.0,304670.0,312370.0,309340.0,305800.0,206009,53055.0,6372791.539,SHFE official,https://www.shfe.com.cn/data/tradedata/future/dailydata/kx20251203.dat,每日成交量最高的 SHFE 锡合约,人民币/吨
2025-12-04,SN2601,SN,312930.0,323700.0,312930.0,316230.0,318380.0,309340.0,344967,52057.0,10983269.958,SHFE official,https://www.shfe.com.cn/data/tradedata/future/dailydata/kx20251204.dat,每日成交量最高的 SHFE 锡合约,人民币/吨
2025-12-05,SN2601,SN,315140.0,321200.0,313750.0,317500.0,318060.0,318380.0,291276,50788.0,9264442.799,SHFE official,https://www.shfe.com.cn/data/tradedata/future/dailydata/kx20251205.dat,每日成交量最高的 SHFE 锡合约,人民币/吨
2025-12-08,SN2601,SN,316010.0,320660.0,313900.0,319200.0,316640.0,318060.0,227244,48471.0,7195637.183,SHFE official,https://www.shfe.com.cn/data/tradedata/future/dailydata/kx20251208.dat,每日成交量最高的 SHFE 锡合约,人民币/吨
2025-12-09,SN2601,SN,319000.0,319000.0,311000.0,312320.0,315610.0,316640.0,191926,43424.0,6057526.531,SHFE official,https://www.shfe.com.cn/data/tradedata/future/dailydata/kx20251209.dat,每日成交量最高的 SHFE 锡合约,人民币/吨
2025-12-10,SN2601,SN,314820.0,324210.0,312350.0,322630.0,317360.0,315610.0,211108,47499.0,6699865.341,SHFE official,https://www.shfe.com.cn/data/tradedata/future/dailydata/kx20251210.dat,每日成交量最高的 SHFE 锡合约,人民币/吨
2025-12-11,SN2601,SN,321570.0,323160.0,314700.0,320600.0,318540.0,317360.0,226914,42785.0,7228287.743,SHFE official,https://www.shfe.com.cn/data/tradedata/future/dailydata/kx20251211.dat,每日成交量最高的 SHFE 锡合约,人民币/吨
2025-12-12,SN2601,SN,322340.0,338800.0,322050.0,333000.0,330380.0,318540.0,348523,48298.0,11514517.343,SHFE official,https://www.shfe.com.cn/data/tradedata/future/dailydata/kx20251212.dat,每日成交量最高的 SHFE 锡合约,人民币/吨
2025-12-15,SN2601,SN,330000.0,338800.0,324000.0,327390.0,331060.0,330380.0,382401,39770.0,12660064.444,SHFE official,https://www.shfe.com.cn/data/tradedata/future/dailydata/kx20251215.dat,每日成交量最高的 SHFE 锡合约,人民币/吨
2025-12-16,SN2601,SN,328490.0,329580.0,317170.0,320620.0,323010.0,331060.0,222618,32285.0,7190789.716,SHFE official,https://www.shfe.com.cn/data/tradedata/future/dailydata/kx20251216.dat,每日成交量最高的 SHFE 锡合约,人民币/吨
2025-12-17,SN2601,SN,323630.0,330130.0,321250.0,328600.0,325010.0,323010.0,166838,32130.0,5422434.888,SHFE official,https://www.shfe.com.cn/data/tradedata/future/dailydata/kx20251217.dat,每日成交量最高的 SHFE 锡合约,人民币/吨
2025-12-18,SN2601,SN,331000.0,339000.0,329730.0,334380.0,335000.0,325010.0,243529,33908.0,8158417.579,SHFE official,https://www.shfe.com.cn/data/tradedata/future/dailydata/kx20251218.dat,每日成交量最高的 SHFE 锡合约,人民币/吨
2025-12-19,SN2601,SN,337000.0,343740.0,334680.0,343040.0,338840.0,335000.0,240305,33801.0,8142564.013,SHFE official,https://www.shfe.com.cn/data/tradedata/future/dailydata/kx20251219.dat,每日成交量最高的 SHFE 锡合约,人民币/吨
2025-12-22,SN2602,SN,345600.0,348460.0,336500.0,341260.0,342860.0,339820.0,245140,56499.0,8405087.838,SHFE official,https://www.shfe.com.cn/data/tradedata/future/dailydata/kx20251222.dat,每日成交量最高的 SHFE 锡合约,人民币/吨
2025-12-23,SN2602,SN,339650.0,344750.0,339030.0,344750.0,341680.0,342860.0,228643,61161.0,7812457.091,SHFE official,https://www.shfe.com.cn/data/tradedata/future/dailydata/kx20251223.dat,每日成交量最高的 SHFE 锡合约,人民币/吨
2025-12-24,SN2602,SN,346000.0,349200.0,334000.0,341800.0,339880.0,341680.0,368780,56040.0,12534129.555,SHFE official,https://www.shfe.com.cn/data/tradedata/future/dailydata/kx20251224.dat,每日成交量最高的 SHFE 锡合约,人民币/吨
2025-12-25,SN2602,SN,340100.0,341200.0,328270.0,335880.0,333960.0,339880.0,298226,53244.0,9959718.093,SHFE official,https://www.shfe.com.cn/data/tradedata/future/dailydata/kx20251225.dat,每日成交量最高的 SHFE 锡合约,人民币/吨
2025-12-26,SN2602,SN,338640.0,344470.0,332820.0,338550.0,337950.0,333960.0,369071,52276.0,12472764.059,SHFE official,https://www.shfe.com.cn/data/tradedata/future/dailydata/kx20251226.dat,每日成交量最高的 SHFE 锡合约,人民币/吨
2025-12-29,SN2602,SN,339680.0,349980.0,330960.0,334590.0,342340.0,337950.0,453324,50161.0,15519125.995,SHFE official,https://www.shfe.com.cn/data/tradedata/future/dailydata/kx20251229.dat,每日成交量最高的 SHFE 锡合约,人民币/吨
2025-12-30,SN2602,SN,334200.0,336740.0,316730.0,326330.0,324380.0,342340.0,441257,43769.0,14313522.766,SHFE official,https://www.shfe.com.cn/data/tradedata/future/dailydata/kx20251230.dat,每日成交量最高的 SHFE 锡合约,人民币/吨
2025-12-31,SN2602,SN,327910.0,331950.0,319330.0,322920.0,326370.0,324380.0,297836,37928.0,9720577.471,SHFE official,https://www.shfe.com.cn/data/tradedata/future/dailydata/kx20251231.dat,每日成交量最高的 SHFE 锡合约,人民币/吨
2026-01-05,SN2602,SN,326000.0,335260.0,326000.0,334370.0,332450.0,326370.0,148000,38437.0,4920323.99,SHFE official,https://www.shfe.com.cn/data/tradedata/future/dailydata/kx20260105.dat,每日成交量最高的 SHFE 锡合约,人民币/吨
2026-01-06,SN2602,SN,332990.0,350510.0,330550.0,348820.0,340870.0,332450.0,324985,41195.0,11077823.351,SHFE official,https://www.shfe.com.cn/data/tradedata/future/dailydata/kx20260106.dat,每日成交量最高的 SHFE 锡合约,人民币/吨
2026-01-07,SN2602,SN,348300.0,364240.0,347050.0,359050.0,356150.0,340870.0,459909,43969.0,16379900.038,SHFE official,https://www.shfe.com.cn/data/tradedata/future/dailydata/kx20260107.dat,每日成交量最高的 SHFE 锡合约,人民币/吨
2026-01-08,SN2602,SN,356000.0,359300.0,343590.0,349640.0,352830.0,356150.0,400445,38798.0,14129216.033,SHFE official,https://www.shfe.com.cn/data/tradedata/future/dailydata/kx20260108.dat,每日成交量最高的 SHFE 锡合约,人民币/吨
2026-01-09,SN2602,SN,352020.0,356350.0,342680.0,352540.0,349000.0,352830.0,253086,40737.0,8832859.475,SHFE official,https://www.shfe.com.cn/data/tradedata/future/dailydata/kx20260109.dat,每日成交量最高的 SHFE 锡合约,人民币/吨
2026-01-12,SN2602,SN,354990.0,376920.0,354100.0,376920.0,364320.0,349000.0,282983,50635.0,10309857.569,SHFE official,https://www.shfe.com.cn/data/tradedata/future/dailydata/kx20260112.dat,每日成交量最高的 SHFE 锡合约,人民币/吨
2026-01-13,SN2602,SN,381000.0,395000.0,375330.0,379330.0,382570.0,364320.0,470223,42853.0,17989632.309,SHFE official,https://www.shfe.com.cn/data/tradedata/future/dailydata/kx20260113.dat,每日成交量最高的 SHFE 锡合约,人民币/吨
2026-01-14,SN2602,SN,382390.0,413170.0,381900.0,413170.0,399820.0,382570.0,404698,42405.0,16180792.498,SHFE official,https://www.shfe.com.cn/data/tradedata/future/dailydata/kx20260114.dat,每日成交量最高的 SHFE 锡合约,人民币/吨
2026-01-15,SN2602,SN,420000.0,443380.0,420000.0,433000.0,433000.0,399820.0,592217,38481.0,25643353.551,SHFE official,https://www.shfe.com.cn/data/tradedata/future/dailydata/kx20260115.dat,每日成交量最高的 SHFE 锡合约,人民币/吨
2026-01-16,SN2602,SN,433040.0,436440.0,397030.0,405240.0,414270.0,433000.0,429257,31288.0,17782994.527,SHFE official,https://www.shfe.com.cn/data/tradedata/future/dailydata/kx20260116.dat,每日成交量最高的 SHFE 锡合约,人民币/吨
2026-01-19,SN2602,SN,393700.0,397910.0,377510.0,389500.0,387070.0,414270.0,294711,26378.0,11407393.542,SHFE official,https://www.shfe.com.cn/data/tradedata/future/dailydata/kx20260119.dat,每日成交量最高的 SHFE 锡合约,人民币/吨
2026-01-20,SN2602,SN,381840.0,404400.0,381100.0,399000.0,395520.0,387070.0,247636,23827.0,9794512.514,SHFE official,https://www.shfe.com.cn/data/tradedata/future/dailydata/kx20260120.dat,每日成交量最高的 SHFE 锡合约,人民币/吨
2026-01-21,SN2602,SN,408000.0,420970.0,388330.0,418420.0,402200.0,395520.0,281963,22979.0,11340610.886,SHFE official,https://www.shfe.com.cn/data/tradedata/future/dailydata/kx20260121.dat,每日成交量最高的 SHFE 锡合约,人民币/吨
2026-01-22,SN2603,SN,417400.0,422000.0,397200.0,409900.0,410260.0,402680.0,329467,49125.0,13517017.455,SHFE official,https://www.shfe.com.cn/data/tradedata/future/dailydata/kx20260122.dat,每日成交量最高的 SHFE 锡合约,人民币/吨
2026-01-23,SN2603,SN,404000.0,434600.0,404000.0,429570.0,419610.0,410260.0,378618,56254.0,15887305.055,SHFE official,https://www.shfe.com.cn/data/tradedata/future/dailydata/kx20260123.dat,每日成交量最高的 SHFE 锡合约,人民币/吨
2026-01-26,SN2603,SN,438850.0,462720.0,423020.0,425340.0,442600.0,419610.0,565176,55233.0,25014791.186,SHFE official,https://www.shfe.com.cn/data/tradedata/future/dailydata/kx20260126.dat,每日成交量最高的 SHFE 锡合约,人民币/吨
2026-01-27,SN2603,SN,434790.0,452500.0,421800.0,451160.0,434650.0,442600.0,351975,55071.0,15298811.658,SHFE official,https://www.shfe.com.cn/data/tradedata/future/dailydata/kx20260127.dat,每日成交量最高的 SHFE 锡合约,人民币/吨
2026-01-28,SN2603,SN,447000.0,462000.0,430700.0,443800.0,444870.0,434650.0,467621,52024.0,20803154.74,SHFE official,https://www.shfe.com.cn/data/tradedata/future/dailydata/kx20260128.dat,每日成交量最高的 SHFE 锡合约,人民币/吨
2026-01-29,SN2603,SN,443800.0,454990.0,436420.0,446130.0,445810.0,444870.0,365707,48668.0,16303743.294,SHFE official,https://www.shfe.com.cn/data/tradedata/future/dailydata/kx20260129.dat,每日成交量最高的 SHFE 锡合约,人民币/吨
2026-01-30,SN2603,SN,449880.0,469950.0,400000.0,409000.0,441180.0,445810.0,468870,40079.0,20685652.371,SHFE official,https://www.shfe.com.cn/data/tradedata/future/dailydata/kx20260130.dat,每日成交量最高的 SHFE 锡合约,人民币/吨
2026-02-02,SN2603,SN,405000.0,420640.0,392650.0,392650.0,410860.0,441180.0,190922,38322.0,7844292.606,SHFE official,https://www.shfe.com.cn/data/tradedata/future/dailydata/kx20260202.dat,每日成交量最高的 SHFE 锡合约,人民币/吨
2026-02-03,SN2603,SN,393000.0,394600.0,358120.0,383340.0,373310.0,410860.0,373435,35433.0,13940829.41,SHFE official,https://www.shfe.com.cn/data/tradedata/future/dailydata/kx20260203.dat,每日成交量最高的 SHFE 锡合约,人民币/吨
2026-02-04,SN2603,SN,388000.0,401880.0,382220.0,392080.0,392670.0,373310.0,319493,35914.0,12545617.629,SHFE official,https://www.shfe.com.cn/data/tradedata/future/dailydata/kx20260204.dat,每日成交量最高的 SHFE 锡合约,人民币/吨
2026-02-05,SN2603,SN,388000.0,394810.0,355000.0,365140.0,379230.0,392670.0,334791,33927.0,12696473.29,SHFE official,https://www.shfe.com.cn/data/tradedata/future/dailydata/kx20260205.dat,每日成交量最高的 SHFE 锡合约,人民币/吨
2026-02-06,SN2603,SN,363000.0,371000.0,345000.0,357000.0,360370.0,379230.0,306492,32178.0,11045058.268,SHFE official,https://www.shfe.com.cn/data/tradedata/future/dailydata/kx20260206.dat,每日成交量最高的 SHFE 锡合约,人民币/吨
2026-02-09,SN2603,SN,364480.0,385000.0,358130.0,384180.0,369690.0,360370.0,279733,33625.0,10341471.397,SHFE official,https://www.shfe.com.cn/data/tradedata/future/dailydata/kx20260209.dat,每日成交量最高的 SHFE 锡合约,人民币/吨
2026-02-10,SN2603,SN,382010.0,389640.0,376300.0,382000.0,382200.0,369690.0,244012,32207.0,9326229.395,SHFE official,https://www.shfe.com.cn/data/tradedata/future/dailydata/kx20260210.dat,每日成交量最高的 SHFE 锡合约,人民币/吨
2026-02-11,SN2603,SN,378460.0,394970.0,378000.0,394700.0,387890.0,382200.0,257952,31287.0,10005780.92,SHFE official,https://www.shfe.com.cn/data/tradedata/future/dailydata/kx20260211.dat,每日成交量最高的 SHFE 锡合约,人民币/吨
2026-02-12,SN2603,SN,399930.0,401080.0,387620.0,391320.0,393120.0,387890.0,177854,28260.0,6991931.87,SHFE official,https://www.shfe.com.cn/data/tradedata/future/dailydata/kx20260212.dat,每日成交量最高的 SHFE 锡合约,人民币/吨
2026-02-13,SN2603,SN,383640.0,391660.0,363770.0,365400.0,380800.0,393120.0,180497,24005.0,6873382.71,SHFE official,https://www.shfe.com.cn/data/tradedata/future/dailydata/kx20260213.dat,每日成交量最高的 SHFE 锡合约,人民币/吨
2026-02-24,SN2603,SN,375000.0,392000.0,375000.0,384220.0,386680.0,380800.0,74099,21038.0,2865276.499,SHFE official,https://www.shfe.com.cn/data/tradedata/future/dailydata/kx20260224.dat,每日成交量最高的 SHFE 锡合约,人民币/吨
2026-02-25,SN2603,SN,382680.0,416790.0,382680.0,416160.0,400860.0,386680.0,173225,18346.0,6944018.734,SHFE official,https://www.shfe.com.cn/data/tradedata/future/dailydata/kx20260225.dat,每日成交量最高的 SHFE 锡合约,人民币/吨
2026-02-26,SN2604,SN,420000.0,425060.0,409190.0,414980.0,418180.0,402810.0,205938,38178.0,8611959.107,SHFE official,https://www.shfe.com.cn/data/tradedata/future/dailydata/kx20260226.dat,每日成交量最高的 SHFE 锡合约,人民币/吨
2026-02-27,SN2604,SN,414100.0,453800.0,411220.0,453240.0,431250.0,418180.0,391133,55792.0,16867844.856,SHFE official,https://www.shfe.com.cn/data/tradedata/future/dailydata/kx20260227.dat,每日成交量最高的 SHFE 锡合约,人民币/吨
2026-03-02,SN2604,SN,453300.0,464700.0,425020.0,444010.0,448740.0,431250.0,462899,49947.0,20772398.759,SHFE official,https://www.shfe.com.cn/data/tradedata/future/dailydata/kx20260302.dat,每日成交量最高的 SHFE 锡合约,人民币/吨
2026-03-03,SN2604,SN,445950.0,450820.0,394890.0,394890.0,423000.0,448740.0,464400,39535.0,19644127.051,SHFE official,https://www.shfe.com.cn/data/tradedata/future/dailydata/kx20260303.dat,每日成交量最高的 SHFE 锡合约,人民币/吨
2026-03-04,SN2604,SN,387400.0,414790.0,381160.0,401130.0,395350.0,423000.0,383838,39459.0,15175243.482,SHFE official,https://www.shfe.com.cn/data/tradedata/future/dailydata/kx20260304.dat,每日成交量最高的 SHFE 锡合约,人民币/吨
2026-03-05,SN2604,SN,406660.0,414190.0,378220.0,391810.0,400480.0,395350.0,367949,38758.0,14735846.247,SHFE official,https://www.shfe.com.cn/data/tradedata/future/dailydata/kx20260305.dat,每日成交量最高的 SHFE 锡合约,人民币/吨
2026-03-06,SN2604,SN,390430.0,401840.0,385000.0,393660.0,393140.0,400480.0,296768,38571.0,11667276.116,SHFE official,https://www.shfe.com.cn/data/tradedata/future/dailydata/kx20260306.dat,每日成交量最高的 SHFE 锡合约,人民币/吨
2026-03-09,SN2604,SN,393600.0,395590.0,369340.0,383710.0,384150.0,393140.0,301708,35900.0,11590192.042,SHFE official,https://www.shfe.com.cn/data/tradedata/future/dailydata/kx20260309.dat,每日成交量最高的 SHFE 锡合约,人民币/吨
2026-03-10,SN2604,SN,381860.0,405800.0,381860.0,392770.0,395530.0,384150.0,288694,34976.0,11418960.303,SHFE official,https://www.shfe.com.cn/data/tradedata/future/dailydata/kx20260310.dat,每日成交量最高的 SHFE 锡合约,人民币/吨
2026-03-11,SN2604,SN,395770.0,403000.0,390030.0,392740.0,397050.0,395530.0,239265,33982.0,9500243.012,SHFE official,https://www.shfe.com.cn/data/tradedata/future/dailydata/kx20260311.dat,每日成交量最高的 SHFE 锡合约,人民币/吨
2026-03-12,SN2604,SN,387500.0,395220.0,381580.0,393500.0,390250.0,397050.0,215161,33098.0,8396686.213,SHFE official,https://www.shfe.com.cn/data/tradedata/future/dailydata/kx20260312.dat,每日成交量最高的 SHFE 锡合约,人民币/吨
2026-03-13,SN2604,SN,393810.0,394930.0,374030.0,374110.0,385630.0,390250.0,227740,35386.0,8782503.89,SHFE official,https://www.shfe.com.cn/data/tradedata/future/dailydata/kx20260313.dat,每日成交量最高的 SHFE 锡合约,人民币/吨
2026-03-16,SN2604,SN,378300.0,380600.0,365150.0,373360.0,372770.0,385630.0,239145,33035.0,8914718.301,SHFE official,https://www.shfe.com.cn/data/tradedata/future/dailydata/kx20260316.dat,每日成交量最高的 SHFE 锡合约,人民币/吨
2026-03-17,SN2604,SN,379000.0,385000.0,373550.0,375110.0,379820.0,372770.0,222329,31700.0,8444719.411,SHFE official,https://www.shfe.com.cn/data/tradedata/future/dailydata/kx20260317.dat,每日成交量最高的 SHFE 锡合约,人民币/吨
2026-03-18,SN2604,SN,373470.0,377000.0,364290.0,370000.0,370220.0,379820.0,198364,30797.0,7343957.492,SHFE official,https://www.shfe.com.cn/data/tradedata/future/dailydata/kx20260318.dat,每日成交量最高的 SHFE 锡合约,人民币/吨
2026-03-19,SN2604,SN,364100.0,364280.0,339730.0,345730.0,354000.0,370220.0,234003,29801.0,8283929.488,SHFE official,https://www.shfe.com.cn/data/tradedata/future/dailydata/kx20260319.dat,每日成交量最高的 SHFE 锡合约,人民币/吨
2026-03-20,SN2604,SN,333980.0,356490.0,327200.0,342480.0,343290.0,354000.0,304523,27184.0,10454037.981,SHFE official,https://www.shfe.com.cn/data/tradedata/future/dailydata/kx20260320.dat,每日成交量最高的 SHFE 锡合约,人民币/吨
2026-03-23,SN2604,SN,345980.0,347950.0,322580.0,328300.0,338040.0,343290.0,268175,24984.0,9065528.58,SHFE official,https://www.shfe.com.cn/data/tradedata/future/dailydata/kx20260323.dat,每日成交量最高的 SHFE 锡合约,人民币/吨
2026-03-24,SN2604,SN,344200.0,354390.0,336830.0,347970.0,345820.0,338040.0,249342,21087.0,8622949.809,SHFE official,https://www.shfe.com.cn/data/tradedata/future/dailydata/kx20260324.dat,每日成交量最高的 SHFE 锡合约,人民币/吨
2026-03-25,SN2604,SN,342970.0,363000.0,340730.0,352430.0,352250.0,345820.0,215643,18892.0,7596140.511,SHFE official,https://www.shfe.com.cn/data/tradedata/future/dailydata/kx20260325.dat,每日成交量最高的 SHFE 锡合约,人民币/吨
2026-03-26,SN2605,SN,354850.0,358400.0,345800.0,349500.0,352980.0,353130.0,149127,30710.0,5263952.522,SHFE official,https://www.shfe.com.cn/data/tradedata/future/dailydata/kx20260326.dat,每日成交量最高的 SHFE 锡合约,人民币/吨
2026-03-27,SN2605,SN,345910.0,369950.0,345340.0,362460.0,355780.0,352980.0,249565,36711.0,8879112.858,SHFE official,https://www.shfe.com.cn/data/tradedata/future/dailydata/kx20260327.dat,每日成交量最高的 SHFE 锡合约,人民币/吨
2026-03-30,SN2605,SN,357000.0,372680.0,356400.0,370720.0,364570.0,355780.0,266513,39745.0,9716473.203,SHFE official,https://www.shfe.com.cn/data/tradedata/future/dailydata/kx20260330.dat,每日成交量最高的 SHFE 锡合约,人民币/吨
2026-03-31,SN2605,SN,373000.0,374770.0,364900.0,368000.0,369270.0,364570.0,250458,39048.0,9248691.715,SHFE official,https://www.shfe.com.cn/data/tradedata/future/dailydata/kx20260331.dat,每日成交量最高的 SHFE 锡合约,人民币/吨
2026-04-01,SN2605,SN,369490.0,378400.0,366210.0,375210.0,372160.0,369270.0,225356,39547.0,8387018.79,SHFE official,https://www.shfe.com.cn/data/tradedata/future/dailydata/kx20260401.dat,每日成交量最高的 SHFE 锡合约,人民币/吨
2026-04-02,SN2605,SN,374800.0,377250.0,357080.0,360820.0,368580.0,372160.0,266415,38283.0,9819597.415,SHFE official,https://www.shfe.com.cn/data/tradedata/future/dailydata/kx20260402.dat,每日成交量最高的 SHFE 锡合约,人民币/吨
2026-04-03,SN2605,SN,358810.0,368660.0,358600.0,365740.0,365250.0,368580.0,204746,35385.0,7478528.227,SHFE official,https://www.shfe.com.cn/data/tradedata/future/dailydata/kx20260403.dat,每日成交量最高的 SHFE 锡合约,人民币/吨
2026-04-07,SN2605,SN,363800.0,369990.0,360000.0,363500.0,364240.0,365250.0,114191,35146.0,4159318.592,SHFE official,https://www.shfe.com.cn/data/tradedata/future/dailydata/kx20260407.dat,每日成交量最高的 SHFE 锡合约,人民币/吨
2026-04-08,SN2605,SN,365500.0,381680.0,362060.0,378990.0,371570.0,364240.0,218146,36661.0,8105840.15,SHFE official,https://www.shfe.com.cn/data/tradedata/future/dailydata/kx20260408.dat,每日成交量最高的 SHFE 锡合约,人民币/吨
2026-04-09,SN2605,SN,377700.0,380470.0,365540.0,369390.0,372780.0,371570.0,181766,34851.0,6776007.781,SHFE official,https://www.shfe.com.cn/data/tradedata/future/dailydata/kx20260409.dat,每日成交量最高的 SHFE 锡合约,人民币/吨
2026-04-10,SN2605,SN,371000.0,379500.0,369400.0,374790.0,375330.0,372780.0,192518,34398.0,7225778.79,SHFE official,https://www.shfe.com.cn/data/tradedata/future/dailydata/kx20260410.dat,每日成交量最高的 SHFE 锡合约,人民币/吨
2026-04-13,SN2605,SN,378500.0,379500.0,365800.0,372060.0,373520.0,375330.0,181634,32539.0,6784457.343,SHFE official,https://www.shfe.com.cn/data/tradedata/future/dailydata/kx20260413.dat,每日成交量最高的 SHFE 锡合约,人民币/吨
2026-04-14,SN2605,SN,372370.0,386000.0,371010.0,382930.0,378350.0,373520.0,205829,32711.0,7787683.681,SHFE official,https://www.shfe.com.cn/data/tradedata/future/dailydata/kx20260414.dat,每日成交量最高的 SHFE 锡合约,人民币/吨
2026-04-15,SN2605,SN,386760.0,398410.0,384790.0,388870.0,391540.0,378350.0,256687,33287.0,10050464.27,SHFE official,https://www.shfe.com.cn/data/tradedata/future/dailydata/kx20260415.dat,每日成交量最高的 SHFE 锡合约,人民币/吨
2026-04-16,SN2605,SN,389800.0,392870.0,385730.0,391260.0,389620.0,391540.0,193465,32077.0,7537837.463,SHFE official,https://www.shfe.com.cn/data/tradedata/future/dailydata/kx20260416.dat,每日成交量最高的 SHFE 锡合约,人民币/吨
2026-04-17,SN2605,SN,389000.0,392880.0,386000.0,390660.0,390040.0,389620.0,178952,29891.0,6979927.134,SHFE official,https://www.shfe.com.cn/data/tradedata/future/dailydata/kx20260417.dat,每日成交量最高的 SHFE 锡合约,人民币/吨
2026-04-20,SN2605,SN,393000.0,399400.0,386730.0,390880.0,393090.0,390040.0,183422,28656.0,7210258.884,SHFE official,https://www.shfe.com.cn/data/tradedata/future/dailydata/kx20260420.dat,每日成交量最高的 SHFE 锡合约,人民币/吨
2026-04-21,SN2605,SN,392890.0,398950.0,390660.0,392300.0,394990.0,393090.0,180129,26101.0,7114928.905,SHFE official,https://www.shfe.com.cn/data/tradedata/future/dailydata/kx20260421.dat,每日成交量最高的 SHFE 锡合约,人民币/吨
2026-04-22,SN2605,SN,395000.0,395470.0,387010.0,394060.0,391630.0,394990.0,142861,24120.0,5594996.451,SHFE official,https://www.shfe.com.cn/data/tradedata/future/dailydata/kx20260422.dat,每日成交量最高的 SHFE 锡合约,人民币/吨
2026-04-23,SN2605,SN,392060.0,395760.0,384600.0,390730.0,391070.0,391630.0,137466,19207.0,5375971.161,SHFE official,https://www.shfe.com.cn/data/tradedata/future/dailydata/kx20260423.dat,每日成交量最高的 SHFE 锡合约,人民币/吨
2026-04-24,SN2605,SN,393040.0,393890.0,386120.0,387630.0,390340.0,391070.0,107870,17058.0,4210664.411,SHFE official,https://www.shfe.com.cn/data/tradedata/future/dailydata/kx20260424.dat,每日成交量最高的 SHFE 锡合约,人民币/吨
2026-04-27,SN2606,SN,390780.0,394650.0,389940.0,392290.0,392470.0,391040.0,129380,39069.0,5077885.415,SHFE official,https://www.shfe.com.cn/data/tradedata/future/dailydata/kx20260427.dat,每日成交量最高的 SHFE 锡合约,人民币/吨
2026-04-28,SN2606,SN,392310.0,392510.0,380660.0,384600.0,385460.0,392470.0,187538,39956.0,7228902.238,SHFE official,https://www.shfe.com.cn/data/tradedata/future/dailydata/kx20260428.dat,每日成交量最高的 SHFE 锡合约,人民币/吨
2026-04-29,SN2606,SN,383050.0,388940.0,380110.0,388300.0,384190.0,385460.0,153966,41062.0,5915242.84,SHFE official,https://www.shfe.com.cn/data/tradedata/future/dailydata/kx20260429.dat,每日成交量最高的 SHFE 锡合约,人民币/吨
2026-04-30,SN2606,SN,385510.0,387690.0,378500.0,387370.0,383270.0,384190.0,182304,38310.0,6987223.888,SHFE official,https://www.shfe.com.cn/data/tradedata/future/dailydata/kx20260430.dat,每日成交量最高的 SHFE 锡合约,人民币/吨
2026-05-06,SN2606,SN,392400.0,416970.0,390870.0,415370.0,404870.0,383270.0,174856,49343.0,7079434.303,SHFE official,https://www.shfe.com.cn/data/tradedata/future/dailydata/kx20260506.dat,每日成交量最高的 SHFE 锡合约,人民币/吨
2026-05-07,SN2606,SN,416500.0,428470.0,415270.0,421500.0,421310.0,404870.0,314914,52027.0,13267699.617,SHFE official,https://www.shfe.com.cn/data/tradedata/future/dailydata/kx20260507.dat,每日成交量最高的 SHFE 锡合约,人民币/吨
2026-05-08,SN2606,SN,428000.0,430690.0,421530.0,425960.0,426250.0,421310.0,275844,53940.0,11758000.074,SHFE official,https://www.shfe.com.cn/data/tradedata/future/dailydata/kx20260508.dat,每日成交量最高的 SHFE 锡合约,人民币/吨
2026-05-11,SN2606,SN,425670.0,432690.0,418200.0,423310.0,423910.0,426250.0,276721,50824.0,11730593.366,SHFE official,https://www.shfe.com.cn/data/tradedata/future/dailydata/kx20260511.dat,每日成交量最高的 SHFE 锡合约,人民币/吨
2026-05-12,SN2606,SN,429500.0,439970.0,422800.0,425060.0,431160.0,423910.0,309991,50035.0,13365609.719,SHFE official,https://www.shfe.com.cn/data/tradedata/future/dailydata/kx20260512.dat,每日成交量最高的 SHFE 锡合约,人民币/吨
2026-05-13,SN2606,SN,427560.0,435000.0,424350.0,434410.0,429820.0,431160.0,263036,51686.0,11305952.243,SHFE official,https://www.shfe.com.cn/data/tradedata/future/dailydata/kx20260513.dat,每日成交量最高的 SHFE 锡合约,人民币/吨
2026-05-14,SN2606,SN,434000.0,440590.0,423770.0,426970.0,433690.0,429820.0,294621,46520.0,12777515.711,SHFE official,https://www.shfe.com.cn/data/tradedata/future/dailydata/kx20260514.dat,每日成交量最高的 SHFE 锡合约,人民币/吨
2026-05-15,SN2606,SN,430020.0,430020.0,408540.0,409060.0,421270.0,433690.0,297116,39213.0,12516810.165,SHFE official,https://www.shfe.com.cn/data/tradedata/future/dailydata/kx20260515.dat,每日成交量最高的 SHFE 锡合约,人民币/吨
2026-05-18,SN2606,SN,405600.0,411840.0,401200.0,410420.0,406920.0,421270.0,231764,36404.0,9431098.509,SHFE official,https://www.shfe.com.cn/data/tradedata/future/dailydata/kx20260518.dat,每日成交量最高的 SHFE 锡合约,人民币/吨
2026-05-19,SN2606,SN,413990.0,416000.0,403040.0,409640.0,409340.0,406920.0,203131,32772.0,8315012.209,SHFE official,https://www.shfe.com.cn/data/tradedata/future/dailydata/kx20260519.dat,每日成交量最高的 SHFE 锡合约,人民币/吨
2026-05-20,SN2606,SN,410880.0,417880.0,400300.0,417720.0,405780.0,409340.0,233753,31249.0,9485328.407,SHFE official,https://www.shfe.com.cn/data/tradedata/future/dailydata/kx20260520.dat,每日成交量最高的 SHFE 锡合约,人民币/吨
2026-05-21,SN2606,SN,420510.0,425400.0,411230.0,413110.0,419660.0,405780.0,259359,27524.0,10884347.222,SHFE official,https://www.shfe.com.cn/data/tradedata/future/dailydata/kx20260521.dat,每日成交量最高的 SHFE 锡合约,人民币/吨
2026-05-22,SN2606,SN,414000.0,422990.0,412130.0,421320.0,417450.0,419660.0,194874,26857.0,8135106.53,SHFE official,https://www.shfe.com.cn/data/tradedata/future/dailydata/kx20260522.dat,每日成交量最高的 SHFE 锡合约,人民币/吨
2026-05-25,SN2606,SN,419490.0,429230.0,416840.0,421700.0,422330.0,417450.0,181531,24031.0,7666643.735,SHFE official,https://www.shfe.com.cn/data/tradedata/future/dailydata/kx20260525.dat,每日成交量最高的 SHFE 锡合约,人民币/吨
2026-05-26,SN2606,SN,421930.0,430880.0,418750.0,425360.0,423330.0,422330.0,143269,18817.0,6065107.597,SHFE official,https://www.shfe.com.cn/data/tradedata/future/dailydata/kx20260526.dat,每日成交量最高的 SHFE 锡合约,人民币/吨
2026-05-27,SN2607,SN,425510.0,429970.0,418560.0,421060.0,424690.0,424830.0,184108,46503.0,7818945.853,SHFE official,https://www.shfe.com.cn/data/tradedata/future/dailydata/kx20260527.dat,每日成交量最高的 SHFE 锡合约,人民币/吨
2026-05-28,SN2607,SN,421900.0,423600.0,416010.0,421170.0,420660.0,424690.0,204529,46605.0,8603774.256,SHFE official,https://www.shfe.com.cn/data/tradedata/future/dailydata/kx20260528.dat,每日成交量最高的 SHFE 锡合约,人民币/吨
2026-05-29,SN2607,SN,424730.0,433530.0,422630.0,424650.0,426450.0,420660.0,240662,48171.0,10263202.423,SHFE official,https://www.shfe.com.cn/data/tradedata/future/dailydata/kx20260529.dat,每日成交量最高的 SHFE 锡合约,人民币/吨
2026-06-01,SN2607,SN,425850.0,432230.0,423360.0,431840.0,427620.0,426450.0,215705,54277.0,9224059.452,SHFE official,https://www.shfe.com.cn/data/tradedata/future/dailydata/kx20260601.dat,每日成交量最高的 SHFE 锡合约,人民币/吨
2026-06-02,SN2607,SN,435000.0,449960.0,432630.0,449820.0,440920.0,427620.0,299856,66584.0,13221403.025,SHFE official,https://www.shfe.com.cn/data/tradedata/future/dailydata/kx20260602.dat,每日成交量最高的 SHFE 锡合约,人民币/吨
2026-06-03,SN2607,SN,448800.0,451860.0,441080.0,445480.0,448040.0,440920.0,265436,63476.0,11892636.302,SHFE official,https://www.shfe.com.cn/data/tradedata/future/dailydata/kx20260603.dat,每日成交量最高的 SHFE 锡合约,人民币/吨
2026-06-04,SN2607,SN,442000.0,447550.0,429220.0,430040.0,441450.0,448040.0,298714,54292.0,13187011.091,SHFE official,https://www.shfe.com.cn/data/tradedata/future/dailydata/kx20260604.dat,每日成交量最高的 SHFE 锡合约,人民币/吨
2026-06-05,SN2607,SN,433040.0,436000.0,415620.0,417850.0,426760.0,441450.0,292656,46155.0,12489466.697,SHFE official,https://www.shfe.com.cn/data/tradedata/future/dailydata/kx20260605.dat,每日成交量最高的 SHFE 锡合约,人民币/吨
2026-06-08,SN2607,SN,413110.0,415550.0,396380.0,398490.0,404790.0,426760.0,320735,40216.0,12983190.032,SHFE official,https://www.shfe.com.cn/data/tradedata/future/dailydata/kx20260608.dat,每日成交量最高的 SHFE 锡合约,人民币/吨
2026-06-09,SN2607,SN,404760.0,408310.0,396000.0,407770.0,401580.0,404790.0,254258,40279.0,10210591.21,SHFE official,https://www.shfe.com.cn/data/tradedata/future/dailydata/kx20260609.dat,每日成交量最高的 SHFE 锡合约,人民币/吨
2026-06-10,SN2607,SN,409000.0,409800.0,390060.0,397880.0,399870.0,401580.0,303975,36696.0,12155225.741,SHFE official,https://www.shfe.com.cn/data/tradedata/future/dailydata/kx20260610.dat,每日成交量最高的 SHFE 锡合约,人民币/吨
2026-06-11,SN2607,SN,401850.0,403950.0,394210.0,400160.0,398890.0,399870.0,253162,36698.0,10098529.876,SHFE official,https://www.shfe.com.cn/data/tradedata/future/dailydata/kx20260611.dat,每日成交量最高的 SHFE 锡合约,人民币/吨
2026-06-12,SN2607,SN,399270.0,413800.0,398270.0,407990.0,406320.0,398890.0,265688,36929.0,10795667.209,SHFE official,https://www.shfe.com.cn/data/tradedata/future/dailydata/kx20260612.dat,每日成交量最高的 SHFE 锡合约,人民币/吨
2026-06-15,SN2607,SN,408600.0,427320.0,408000.0,425560.0,417780.0,406320.0,220734,36090.0,9221852.159,SHFE official,https://www.shfe.com.cn/data/tradedata/future/dailydata/kx20260615.dat,每日成交量最高的 SHFE 锡合约,人民币/吨
2026-06-16,SN2607,SN,427010.0,427630.0,419810.0,421770.0,423910.0,417780.0,169637,32961.0,7191144.155,SHFE official,https://www.shfe.com.cn/data/tradedata/future/dailydata/kx20260616.dat,每日成交量最高的 SHFE 锡合约,人民币/吨
2026-06-17,SN2607,SN,424770.0,426410.0,419820.0,422910.0,422920.0,423910.0,168427,31745.0,7123247.253,SHFE official,https://www.shfe.com.cn/data/tradedata/future/dailydata/kx20260617.dat,每日成交量最高的 SHFE 锡合约,人民币/吨
2026-06-18,SN2607,SN,423200.0,426360.0,411660.0,414330.0,419880.0,422920.0,209402,27025.0,8792393.181,SHFE official,https://www.shfe.com.cn/data/tradedata/future/dailydata/kx20260618.dat,每日成交量最高的 SHFE 锡合约,人民币/吨
2026-06-22,SN2607,SN,412230.0,424500.0,410830.0,422700.0,417170.0,419880.0,135523,27769.0,5653660.145,SHFE official,https://www.shfe.com.cn/data/tradedata/future/dailydata/kx20260622.dat,每日成交量最高的 SHFE 锡合约,人民币/吨
2026-06-23,SN2607,SN,423000.0,423500.0,398500.0,400070.0,410200.0,417170.0,212075,23324.0,8699422.4,SHFE official,https://www.shfe.com.cn/data/tradedata/future/dailydata/kx20260623.dat,每日成交量最高的 SHFE 锡合约,人民币/吨
2026-06-24,SN2607,SN,399000.0,400840.0,388220.0,395250.0,393860.0,410200.0,210764,20776.0,8301230.708,SHFE official,https://www.shfe.com.cn/data/tradedata/future/dailydata/kx20260624.dat,每日成交量最高的 SHFE 锡合约,人民币/吨
2026-06-25,SN2608,SN,386300.0,389020.0,381280.0,385570.0,384940.0,394790.0,180928,36609.0,6964738.844,SHFE official,https://www.shfe.com.cn/data/tradedata/future/dailydata/kx20260625.dat,每日成交量最高的 SHFE 锡合约,人民币/吨
2026-06-26,SN2608,SN,393800.0,395320.0,374500.0,387220.0,385590.0,384940.0,292437,38781.0,11276260.549,SHFE official,https://www.shfe.com.cn/data/tradedata/future/dailydata/kx20260626.dat,每日成交量最高的 SHFE 锡合约,人民币/吨
2026-06-29,SN2608,SN,389960.0,393800.0,383650.0,393060.0,388710.0,385590.0,282940,40476.0,10998343.006,SHFE official,https://www.shfe.com.cn/data/tradedata/future/dailydata/kx20260629.dat,每日成交量最高的 SHFE 锡合约,人民币/吨
2026-06-30,SN2608,SN,394500.0,398450.0,384260.0,396270.0,389320.0,388710.0,292642,40420.0,11393235.257,SHFE official,https://www.shfe.com.cn/data/tradedata/future/dailydata/kx20260630.dat,每日成交量最高的 SHFE 锡合约,人民币/吨
2026-07-01,SN2608,SN,394230.0,400480.0,387310.0,389610.0,394170.0,389320.0,260824,41203.0,10280952.847,SHFE official,https://www.shfe.com.cn/data/tradedata/future/dailydata/kx20260701.dat,每日成交量最高的 SHFE 锡合约,人民币/吨
2026-07-02,SN2608,SN,392360.0,401860.0,391100.0,393260.0,396190.0,394170.0,261022,39663.0,10341507.875,SHFE official,https://www.shfe.com.cn/data/tradedata/future/dailydata/kx20260702.dat,每日成交量最高的 SHFE 锡合约,人民币/吨
2026-07-03,SN2608,SN,398240.0,404780.0,391260.0,402180.0,398050.0,396190.0,302706,41597.0,12049371.112,SHFE official,https://www.shfe.com.cn/data/tradedata/future/dailydata/kx20260703.dat,每日成交量最高的 SHFE 锡合约,人民币/吨
2026-07-06,SN2608,SN,402800.0,415920.0,401100.0,410360.0,408380.0,398050.0,298448,41647.0,12188163.668,SHFE official,https://www.shfe.com.cn/data/tradedata/future/dailydata/kx20260706.dat,每日成交量最高的 SHFE 锡合约,人民币/吨
2026-07-07,SN2608,SN,410350.0,412620.0,405110.0,409250.0,409340.0,408380.0,233433,41022.0,9555486.863,SHFE official,https://www.shfe.com.cn/data/tradedata/future/dailydata/kx20260707.dat,每日成交量最高的 SHFE 锡合约,人民币/吨
2026-07-08,SN2608,SN,411300.0,417730.0,408020.0,411580.0,412170.0,409340.0,254895,41718.0,10506239.184,SHFE official,https://www.shfe.com.cn/data/tradedata/future/dailydata/kx20260708.dat,每日成交量最高的 SHFE 锡合约,人民币/吨
2026-07-09,SN2608,SN,408000.0,418350.0,401650.0,416230.0,408140.0,412170.0,311823,41613.0,12726807.831,SHFE official,https://www.shfe.com.cn/data/tradedata/future/dailydata/kx20260709.dat,每日成交量最高的 SHFE 锡合约,人民币/吨
2026-07-10,SN2608,SN,418000.0,419350.0,414280.0,415680.0,416770.0,408140.0,221630,41119.0,9237041.602,SHFE official,https://www.shfe.com.cn/data/tradedata/future/dailydata/kx20260710.dat,每日成交量最高的 SHFE 锡合约,人民币/吨
2026-07-13,SN2608,SN,413000.0,416740.0,408390.0,409700.0,412700.0,416770.0,219110,38521.0,9042798.69,SHFE official,https://www.shfe.com.cn/data/tradedata/future/dailydata/kx20260713.dat,每日成交量最高的 SHFE 锡合约,人民币/吨
2026-07-14,SN2608,SN,411000.0,419930.0,406010.0,417520.0,410950.0,412700.0,232672,39292.0,9561853.068,SHFE official,https://www.shfe.com.cn/data/tradedata/future/dailydata/kx20260714.dat,每日成交量最高的 SHFE 锡合约,人民币/吨
2026-07-15,SN2608,SN,421000.0,421800.0,409630.0,411620.0,416800.0,410950.0,207827,35894.0,8662365.759,SHFE official,https://www.shfe.com.cn/data/tradedata/future/dailydata/kx20260715.dat,每日成交量最高的 SHFE 锡合约,人民币/吨
2026-07-16,SN2608,SN,413000.0,415930.0,404750.0,412650.0,410080.0,416800.0,222378,33386.0,9119349.613,SHFE official,https://www.shfe.com.cn/data/tradedata/future/dailydata/kx20260716.dat,每日成交量最高的 SHFE 锡合约,人民币/吨
2026-07-17,SN2608,SN,408780.0,413500.0,402300.0,403970.0,408600.0,410080.0,225621,33178.0,9219068.835,SHFE official,https://www.shfe.com.cn/data/tradedata/future/dailydata/kx20260717.dat,每日成交量最高的 SHFE 锡合约,人民币/吨
