date,currency,rate_to_cny
1960-01-15,USD,2.4618
1960-02-15,USD,2.4618
1960-03-15,USD,2.4618
1960-04-15,USD,2.4618
1960-05-15,USD,2.4618
1960-06-15,USD,2.4618
1960-07-15,USD,2.4618
1960-08-15,USD,2.4618
1960-09-15,USD,2.4618
1960-10-15,USD,2.4618
1960-11-15,USD,2.4618
1960-12-15,USD,2.4618
1961-01-15,USD,2.4618
1961-02-15,USD,2.4618
1961-03-15,USD,2.4618
1961-04-15,USD,2.4618
1961-05-15,USD,2.4618
1961-06-15,USD,2.4618
1961-07-15,USD,2.4618
1961-08-15,USD,2.4618
1961-09-15,USD,2.4618
1961-10-15,USD,2.4618
1961-11-15,USD,2.4618
1961-12-15,USD,2.4618
1962-01-15,USD,2.4618
1962-02-15,USD,2.4618
1962-03-15,USD,2.4618
1962-04-15,USD,2.4618
1962-05-15,USD,2.4618
1962-06-15,USD,2.4618
1962-07-15,USD,2.4618
1962-08-15,USD,2.4618
1962-09-15,USD,2.4618
1962-10-15,USD,2.4618
1962-11-15,USD,2.4618
1962-12-15,USD,2.4618
1963-01-15,USD,2.4618
1963-02-15,USD,2.4618
1963-03-15,USD,2.4618
1963-04-15,USD,2.4618
1963-05-15,USD,2.4618
1963-06-15,USD,2.4618
1963-07-15,USD,2.4618
1963-08-15,USD,2.4618
1963-09-15,USD,2.4618
1963-10-15,USD,2.4618
1963-11-15,USD,2.4618
1963-12-15,USD,2.4618
1964-01-15,USD,2.4618
1964-02-15,USD,2.4618
1964-03-15,USD,2.4618
1964-04-15,USD,2.4618
1964-05-15,USD,2.4618
1964-06-15,USD,2.4618
1964-07-15,USD,2.4618
1964-08-15,USD,2.4618
1964-09-15,USD,2.4618
1964-10-15,USD,2.4618
1964-11-15,USD,2.4618
1964-12-15,USD,2.4618
1965-01-15,USD,2.4618
1965-02-15,USD,2.4618
1965-03-15,USD,2.4618
1965-04-15,USD,2.4618
1965-05-15,USD,2.4618
1965-06-15,USD,2.4618
1965-07-15,USD,2.4618
1965-08-15,USD,2.4618
1965-09-15,USD,2.4618
1965-10-15,USD,2.4618
1965-11-15,USD,2.4618
1965-12-15,USD,2.4618
1966-01-15,USD,2.4618
1966-02-15,USD,2.4618
1966-03-15,USD,2.4618
1966-04-15,USD,2.4618
1966-05-15,USD,2.4618
1966-06-15,USD,2.4618
1966-07-15,USD,2.4618
1966-08-15,USD,2.4618
1966-09-15,USD,2.4618
1966-10-15,USD,2.4618
1966-11-15,USD,2.4618
1966-12-15,USD,2.4618
1967-01-15,USD,2.4618
1967-02-15,USD,2.4618
1967-03-15,USD,2.4618
1967-04-15,USD,2.4618
1967-05-15,USD,2.4618
1967-06-15,USD,2.4618
1967-07-15,USD,2.4618
1967-08-15,USD,2.4618
1967-09-15,USD,2.4618
1967-10-15,USD,2.4618
1967-11-15,USD,2.4618
1967-12-15,USD,2.4618
1968-01-15,USD,2.4618
1968-02-15,USD,2.4618
1968-03-15,USD,2.4618
1968-04-15,USD,2.4618
1968-05-15,USD,2.4618
1968-06-15,USD,2.4618
1968-07-15,USD,2.4618
1968-08-15,USD,2.4618
1968-09-15,USD,2.4618
1968-10-15,USD,2.4618
1968-11-15,USD,2.4618
1968-12-15,USD,2.4618
1969-01-15,USD,2.4618
1969-02-15,USD,2.4618
1969-03-15,USD,2.4618
1969-04-15,USD,2.4618
1969-05-15,USD,2.4618
1969-06-15,USD,2.4618
1969-07-15,USD,2.4618
1969-08-15,USD,2.4618
1969-09-15,USD,2.4618
1969-10-15,USD,2.4618
1969-11-15,USD,2.4618
1969-12-15,USD,2.4618
1970-01-15,USD,2.4618
1970-02-15,USD,2.4618
1970-03-15,USD,2.4618
1970-04-15,USD,2.4618
1970-05-15,USD,2.4618
1970-06-15,USD,2.4618
1970-07-15,USD,2.4618
1970-08-15,USD,2.4618
1970-09-15,USD,2.4618
1970-10-15,USD,2.4618
1970-11-15,USD,2.4618
1970-12-15,USD,2.4618
1971-01-15,USD,2.4618
1971-02-15,USD,2.4618
1971-03-15,USD,2.4618
1971-04-15,USD,2.4618
1971-05-15,USD,2.4618
1971-06-15,USD,2.4618
1971-07-15,USD,2.4618
1971-08-15,USD,2.2451
1971-09-15,USD,2.2451
1971-10-15,USD,2.2451
1971-11-15,USD,2.2451
1971-12-15,USD,2.2451
1972-01-15,USD,2.2451
1972-02-15,USD,2.2451
1972-03-15,USD,2.2451
1972-04-15,USD,2.2451
1972-05-15,USD,2.2451
1972-06-15,USD,2.2451
1972-07-15,USD,2.2451
1972-08-15,USD,1.989
1972-09-15,USD,1.989
1972-10-15,USD,1.989
1972-11-15,USD,1.989
1972-12-15,USD,1.989
1973-01-15,USD,1.989
1973-02-15,USD,1.989
1973-03-15,USD,1.989
1973-04-15,USD,1.989
1973-05-15,USD,1.989
1973-06-15,USD,1.989
1973-07-15,USD,1.989
1973-08-15,USD,1.5083
1973-09-15,USD,1.5167
1973-10-15,USD,1.525
1973-11-15,USD,1.5333
1973-12-15,USD,1.5417
1974-01-15,USD,1.55
1974-02-15,USD,1.5583
1974-03-15,USD,1.5667
1974-04-15,USD,1.575
1974-05-15,USD,1.5833
1974-06-15,USD,1.5917
1974-07-15,USD,1.6
1974-08-15,USD,1.6083
1974-09-15,USD,1.6167
1974-10-15,USD,1.625
1974-11-15,USD,1.6333
1974-12-15,USD,1.6417
1975-01-15,USD,1.65
1975-02-15,USD,1.6583
1975-03-15,USD,1.6667
1975-04-15,USD,1.675
1975-05-15,USD,1.6833
1975-06-15,USD,1.6917
1975-07-15,USD,1.7
1975-08-15,USD,1.7083
1975-09-15,USD,1.7167
1975-10-15,USD,1.725
1975-11-15,USD,1.7333
1975-12-15,USD,1.7417
1976-01-15,USD,1.75
1976-02-15,USD,1.7583
1976-03-15,USD,1.7667
1976-04-15,USD,1.775
1976-05-15,USD,1.7833
1976-06-15,USD,1.7917
1976-07-15,USD,1.8
1976-08-15,USD,1.8083
1976-09-15,USD,1.8167
1976-10-15,USD,1.825
1976-11-15,USD,1.8333
1976-12-15,USD,1.8417
1977-01-15,USD,1.85
1977-02-15,USD,1.8583
1977-03-15,USD,1.8667
1977-04-15,USD,1.875
1977-05-15,USD,1.8833
1977-06-15,USD,1.8917
1977-07-15,USD,1.9
1977-08-15,USD,1.9083
1977-09-15,USD,1.9167
1977-10-15,USD,1.925
1977-11-15,USD,1.9333
1977-12-15,USD,1.9417
1978-01-15,USD,1.95
1978-02-15,USD,1.9583
1978-03-15,USD,1.9667
1978-04-15,USD,1.975
1978-05-15,USD,1.9833
1978-06-15,USD,1.9917
1978-07-15,USD,2.0
1978-08-15,USD,2.0083
1978-09-15,USD,2.0167
1978-10-15,USD,2.025
1978-11-15,USD,2.0333
1978-12-15,USD,2.0417
1979-01-15,USD,2.05
1979-02-15,USD,2.0583
1979-03-15,USD,2.0667
1979-04-15,USD,2.075
1979-05-15,USD,2.0833
1979-06-15,USD,2.0917
1979-07-15,USD,2.1
1979-08-15,USD,2.1083
1979-09-15,USD,2.1167
1979-10-15,USD,2.125
1979-11-15,USD,2.1333
1979-12-15,USD,2.1417
1980-01-15,USD,2.15
1980-02-15,USD,2.1583
1980-03-15,USD,2.1667
1980-04-15,USD,2.175
1980-05-15,USD,2.1833
1980-06-15,USD,2.1917
1980-07-15,USD,2.2
1980-08-15,USD,1.705
1980-09-15,USD,1.705
1980-10-15,USD,1.705
1980-11-15,USD,1.705
1980-12-15,USD,1.705
1981-01-15,USD,1.705
1981-02-15,USD,2.025
1981-03-15,USD,2.05
1981-04-15,USD,2.075
1981-05-15,USD,2.1
1981-06-15,USD,2.125
1981-07-15,USD,2.15
1981-08-15,USD,2.175
1981-09-15,USD,2.2
1981-10-15,USD,2.225
1981-11-15,USD,2.25
1981-12-15,USD,2.275
1982-01-15,USD,2.3
1982-02-15,USD,2.325
1982-03-15,USD,2.35
1982-04-15,USD,2.375
1982-05-15,USD,2.4
1982-06-15,USD,2.425
1982-07-15,USD,2.45
1982-08-15,USD,2.475
1982-09-15,USD,2.5
1982-10-15,USD,2.525
1982-11-15,USD,2.55
1982-12-15,USD,2.575
1983-01-15,USD,2.6
1983-02-15,USD,2.625
1983-03-15,USD,2.65
1983-04-15,USD,2.675
1983-05-15,USD,2.7
1983-06-15,USD,2.725
1983-07-15,USD,2.75
1983-08-15,USD,2.775
1983-09-15,USD,2.8
1983-10-15,USD,2.825
1983-11-15,USD,2.85
1983-12-15,USD,2.875
1984-01-15,USD,2.9
1984-02-15,USD,2.925
1984-03-15,USD,2.95
1984-04-15,USD,2.975
1984-05-15,USD,3.0
1984-06-15,USD,3.025
1984-07-15,USD,3.05
1984-08-15,USD,2.9366
1984-09-15,USD,2.9366
1984-10-15,USD,2.9366
1984-11-15,USD,2.9366
1984-12-15,USD,2.9366
1985-01-15,USD,2.9366
1985-02-15,USD,2.9366
1985-03-15,USD,2.9366
1985-04-15,USD,2.9366
1985-05-15,USD,2.9366
1985-06-15,USD,2.9366
1985-07-15,USD,2.9366
1985-08-15,USD,3.45
1985-09-15,USD,3.45
1985-10-15,USD,3.45
1985-11-15,USD,3.45
1985-12-15,USD,3.45
1986-01-15,USD,3.45
1986-02-15,USD,3.45
1986-03-15,USD,3.45
1986-04-15,USD,3.45
1986-05-15,USD,3.45
1986-06-15,USD,3.45
1986-07-15,USD,3.45
1986-08-15,USD,3.72
1986-09-15,USD,3.72
1986-10-15,USD,3.72
1986-11-15,USD,3.72
1986-12-15,USD,3.72
1987-01-15,USD,3.72
1987-02-15,USD,3.72
1987-03-15,USD,3.72
1987-04-15,USD,3.72
1987-05-15,USD,3.72
1987-06-15,USD,3.72
1987-07-15,USD,3.72
1987-08-15,USD,3.72
1987-09-15,USD,3.72
1987-10-15,USD,3.72
1987-11-15,USD,3.72
1987-12-15,USD,3.72
1988-01-15,USD,3.72
1988-02-15,USD,3.72
1988-03-15,USD,3.72
1988-04-15,USD,3.72
1988-05-15,USD,3.72
1988-06-15,USD,3.72
1988-07-15,USD,3.72
1988-08-15,USD,3.72
1988-09-15,USD,3.72
1988-10-15,USD,3.72
1988-11-15,USD,3.72
1988-12-15,USD,3.72
1989-01-15,USD,3.72
1989-02-15,USD,3.72
1989-03-15,USD,3.72
1989-04-15,USD,3.72
1989-05-15,USD,3.72
1989-06-15,USD,3.72
1989-07-15,USD,3.72
1989-08-15,USD,4.78
1989-09-15,USD,4.78
1989-10-15,USD,4.78
1989-11-15,USD,4.78
1989-12-15,USD,4.78
1990-01-15,USD,4.78
1990-02-15,USD,4.78
1990-03-15,USD,4.78
1990-04-15,USD,4.78
1990-05-15,USD,4.78
1990-06-15,USD,4.78
1990-07-15,USD,4.78
1990-08-15,USD,5.32
1990-09-15,USD,5.32
1990-10-15,USD,5.32
1990-11-15,USD,5.32
1990-12-15,USD,5.32
1991-01-15,USD,5.32
1991-02-15,USD,5.32
1991-03-15,USD,5.32
1991-04-15,USD,5.32
1991-05-15,USD,5.32
1991-06-15,USD,5.32
1991-07-15,USD,5.32
1991-08-15,USD,5.51
1991-09-15,USD,5.51
1991-10-15,USD,5.51
1991-11-15,USD,5.51
1991-12-15,USD,5.51
1992-01-15,USD,5.51
1992-02-15,USD,5.51
1992-03-15,USD,5.51
1992-04-15,USD,5.51
1992-05-15,USD,5.51
1992-06-15,USD,5.51
1992-07-15,USD,5.51
1992-08-15,USD,5.76
1992-09-15,USD,5.76
1992-10-15,USD,5.76
1992-11-15,USD,5.76
1992-12-15,USD,5.76
1993-01-15,USD,5.76
1993-02-15,USD,5.76
1993-03-15,USD,5.76
1993-04-15,USD,5.76
1993-05-15,USD,5.76
1993-06-15,USD,5.76
1993-07-15,USD,5.76
1993-08-15,USD,5.8
1993-09-15,USD,5.8
1993-10-15,USD,5.8
1993-11-15,USD,5.8
1993-12-15,USD,8.0417
1994-01-15,USD,8.05
1994-02-15,USD,8.0583
1994-03-15,USD,8.0667
1994-04-15,USD,8.075
1994-05-15,USD,8.0833
1994-06-15,USD,8.0917
1994-07-15,USD,8.1
1994-08-15,USD,8.1083
1994-09-15,USD,8.1167
1994-10-15,USD,8.125
1994-11-15,USD,8.1333
1994-12-15,USD,8.1417
1995-01-15,USD,8.15
1995-02-15,USD,8.1583
1995-03-15,USD,8.1667
1995-04-15,USD,8.175
1995-05-15,USD,8.1833
1995-06-15,USD,8.1917
1995-07-15,USD,8.2
1995-08-15,USD,8.2083
1995-09-15,USD,8.2167
1995-10-15,USD,8.225
1995-11-15,USD,8.2333
1995-12-15,USD,8.2417
1996-01-15,USD,8.25
1996-02-15,USD,8.2583
1996-03-15,USD,8.2667
1996-04-15,USD,8.275
1996-05-15,USD,8.2833
1996-06-15,USD,8.2917
1996-07-15,USD,8.3
1996-08-15,USD,8.3083
1996-09-15,USD,8.3167
1996-10-15,USD,8.325
1996-11-15,USD,8.3333
1996-12-15,USD,8.3417
1997-01-15,USD,8.277
1997-02-15,USD,8.277
1997-03-15,USD,8.277
1997-04-15,USD,8.277
1997-05-15,USD,8.277
1997-06-15,USD,8.277
1997-07-15,USD,8.277
1997-08-15,USD,8.277
1997-09-15,USD,8.277
1997-10-15,USD,8.277
1997-11-15,USD,8.277
1997-12-15,USD,8.277
1998-01-15,USD,8.277
1998-02-15,USD,8.277
1998-03-15,USD,8.277
1998-04-15,USD,8.277
1998-05-15,USD,8.277
1998-06-15,USD,8.277
1998-07-15,USD,8.277
1998-08-15,USD,8.277
1998-09-15,USD,8.277
1998-10-15,USD,8.277
1998-11-15,USD,8.277
1998-12-15,USD,8.277
1999-01-15,USD,8.277
1999-02-15,USD,8.277
1999-03-15,USD,8.277
1999-04-15,USD,8.277
1999-05-15,USD,8.277
1999-06-15,USD,8.277
1999-07-15,USD,8.277
1999-08-15,USD,8.277
1999-09-15,USD,8.277
1999-10-15,USD,8.277
1999-11-15,USD,8.277
1999-12-15,USD,8.277
2000-01-15,USD,8.277
2000-02-15,USD,8.277
2000-03-15,USD,8.277
2000-04-15,USD,8.277
2000-05-15,USD,8.277
2000-06-15,USD,8.277
2000-07-15,USD,8.277
2000-08-15,USD,8.277
2000-09-15,USD,8.277
2000-10-15,USD,8.277
2000-11-15,USD,8.277
2000-12-15,USD,8.277
2001-01-15,USD,8.277
2001-02-15,USD,8.277
2001-03-15,USD,8.277
2001-04-15,USD,8.277
2001-05-15,USD,8.277
2001-06-15,USD,8.277
2001-07-15,USD,8.277
2001-08-15,USD,8.277
2001-09-15,USD,8.277
2001-10-15,USD,8.277
2001-11-15,USD,8.277
2001-12-15,USD,8.277
2002-01-15,USD,8.277
2002-02-15,USD,8.277
2002-03-15,USD,8.277
2002-04-15,USD,8.277
2002-05-15,USD,8.277
2002-06-15,USD,8.277
2002-07-15,USD,8.277
2002-08-15,USD,8.277
2002-09-15,USD,8.277
2002-10-15,USD,8.277
2002-11-15,USD,8.277
2002-12-15,USD,8.277
2003-01-15,USD,8.277
2003-02-15,USD,8.277
2003-03-15,USD,8.277
2003-04-15,USD,8.277
2003-05-15,USD,8.277
2003-06-15,USD,8.277
2003-07-15,USD,8.277
2003-08-15,USD,8.277
2003-09-15,USD,8.277
2003-10-15,USD,8.277
2003-11-15,USD,8.277
2003-12-15,USD,8.277
2004-01-15,USD,8.277
2004-02-15,USD,8.277
2004-03-15,USD,8.277
2004-04-15,USD,8.277
2004-05-15,USD,8.277
2004-06-15,USD,8.277
2004-07-15,USD,8.277
2004-08-15,USD,8.277
2004-09-15,USD,8.277
2004-10-15,USD,8.277
2004-11-15,USD,8.277
2004-12-15,USD,8.277
2005-01-15,USD,8.277
2005-02-15,USD,8.277
2005-03-15,USD,8.277
2005-04-15,USD,8.277
2005-05-15,USD,8.277
2005-06-15,USD,8.277
2005-07-15,USD,8.277
2005-08-15,USD,8.2628
2005-09-15,USD,8.2457
2005-10-15,USD,8.2285
2005-11-15,USD,8.2113
2005-12-15,USD,8.1942
2006-01-15,USD,8.177
2006-02-15,USD,8.1598
2006-03-15,USD,8.1427
2006-04-15,USD,8.1255
2006-05-15,USD,8.1083
2006-06-15,USD,8.0912
2006-07-15,USD,8.074
2006-08-15,USD,8.0568
2006-09-15,USD,8.0397
2006-10-15,USD,8.0225
2006-11-15,USD,8.0053
2006-12-15,USD,7.9882
2007-01-15,USD,7.971
2007-02-15,USD,7.9538
2007-03-15,USD,7.9367
2007-04-15,USD,7.9195
2007-05-15,USD,7.9023
2007-06-15,USD,7.8852
2007-07-15,USD,7.868
2007-08-15,USD,7.8508
2007-09-15,USD,7.8337
2007-10-15,USD,7.8165
2007-11-15,USD,7.7993
2007-12-15,USD,7.7822
2008-01-15,USD,7.765
2008-02-15,USD,7.7478
2008-03-15,USD,7.7307
2008-04-15,USD,7.7135
2008-05-15,USD,7.6963
2008-06-15,USD,7.6792
2008-07-15,USD,7.662
2008-08-15,USD,7.6448
2008-09-15,USD,7.6277
2008-10-15,USD,7.6105
2008-11-15,USD,7.5933
2008-12-15,USD,7.5762
2009-01-15,USD,7.559
2009-02-15,USD,7.5418
2009-03-15,USD,7.5247
2009-04-15,USD,7.5075
2009-05-15,USD,7.4903
2009-06-15,USD,7.4732
2009-07-15,USD,7.456
2009-08-15,USD,7.4388
2009-09-15,USD,7.4217
2009-10-15,USD,7.4045
2009-11-15,USD,7.3873
2009-12-15,USD,7.3702
2010-01-15,USD,7.353
2010-02-15,USD,7.3358
2010-03-15,USD,7.3187
2010-04-15,USD,7.3015
2010-05-15,USD,7.2843
2010-06-15,USD,7.2672
2010-07-15,USD,7.25
2010-08-15,USD,7.2328
2010-09-15,USD,7.2157
2010-10-15,USD,7.1985
2010-11-15,USD,7.1813
2010-12-15,USD,7.1642
2011-01-15,USD,7.147
2011-02-15,USD,7.1298
2011-03-15,USD,7.1127
2011-04-15,USD,7.0955
2011-05-15,USD,7.0783
2011-06-15,USD,7.0612
2011-07-15,USD,7.044
2011-08-15,USD,7.0268
2011-09-15,USD,7.0097
2011-10-15,USD,6.9925
2011-11-15,USD,6.9753
2011-12-15,USD,6.9582
2012-01-15,USD,6.941
2012-02-15,USD,6.9238
2012-03-15,USD,6.9067
2012-04-15,USD,6.8895
2012-05-15,USD,6.8723
2012-06-15,USD,6.8552
2012-07-15,USD,6.838
2012-08-15,USD,6.8208
2012-09-15,USD,6.8037
2012-10-15,USD,6.7865
2012-11-15,USD,6.7693
2012-12-15,USD,6.7522
2013-01-15,USD,6.735
2013-02-15,USD,6.7178
2013-03-15,USD,6.7007
2013-04-15,USD,6.6835
2013-05-15,USD,6.6663
2013-06-15,USD,6.6492
2013-07-15,USD,6.632
2013-08-15,USD,6.6148
2013-09-15,USD,6.5977
2013-10-15,USD,6.5805
2013-11-15,USD,6.5633
2013-12-15,USD,6.5462
2014-01-15,USD,6.529
2014-02-15,USD,6.5118
2014-03-15,USD,6.4947
2014-04-15,USD,6.4775
2014-05-15,USD,6.4603
2014-06-15,USD,6.4432
2014-07-15,USD,6.426
2014-08-15,USD,6.4088
2014-09-15,USD,6.3917
2014-10-15,USD,6.3745
2014-11-15,USD,6.3573
2014-12-15,USD,6.3402
2015-01-15,USD,6.323
2015-02-15,USD,6.3058
2015-03-15,USD,6.2887
2015-04-15,USD,6.2715
2015-05-15,USD,6.2543
2015-06-15,USD,6.2372
2015-07-15,USD,6.22
2015-08-15,USD,6.64
2015-09-15,USD,6.64
2015-10-15,USD,6.64
2015-11-15,USD,6.64
2015-12-15,USD,6.64
2016-01-15,USD,6.64
2016-02-15,USD,6.64
2016-03-15,USD,6.64
2016-04-15,USD,6.64
2016-05-15,USD,6.64
2016-06-15,USD,6.64
2016-07-15,USD,6.64
2016-08-15,USD,6.75
2016-09-15,USD,6.75
2016-10-15,USD,6.75
2016-11-15,USD,6.75
2016-12-15,USD,6.75
2017-01-15,USD,6.75
2017-02-15,USD,6.75
2017-03-15,USD,6.75
2017-04-15,USD,6.75
2017-05-15,USD,6.75
2017-06-15,USD,6.75
2017-07-15,USD,6.75
2017-08-15,USD,6.62
2017-09-15,USD,6.62
2017-10-15,USD,6.62
2017-11-15,USD,6.62
2017-12-15,USD,6.62
2018-01-15,USD,6.62
2018-02-15,USD,6.62
2018-03-15,USD,6.62
2018-04-15,USD,6.62
2018-05-15,USD,6.62
2018-06-15,USD,6.62
2018-07-15,USD,6.62
2018-08-15,USD,6.85
2018-09-15,USD,6.85
2018-10-15,USD,6.85
2018-11-15,USD,6.85
2018-12-15,USD,6.85
2019-01-15,USD,6.85
2019-02-15,USD,6.83
2019-03-15,USD,6.83
2019-04-15,USD,6.83
2019-05-15,USD,6.83
2019-06-15,USD,6.83
2019-07-15,USD,6.83
2019-08-15,USD,7.02
2019-09-15,USD,7.02
2019-10-15,USD,7.02
2019-11-15,USD,7.02
2019-12-15,USD,7.02
2020-01-15,USD,7.02
2020-02-15,USD,7.05
2020-03-15,USD,7.05
2020-04-15,USD,7.05
2020-05-15,USD,7.05
2020-06-15,USD,7.05
2020-07-15,USD,7.05
2020-08-15,USD,6.55
2020-09-15,USD,6.55
2020-10-15,USD,6.55
2020-11-15,USD,6.55
2020-12-15,USD,6.55
2021-01-15,USD,6.55
2021-02-15,USD,6.47
2021-03-15,USD,6.47
2021-04-15,USD,6.47
2021-05-15,USD,6.47
2021-06-15,USD,6.47
2021-07-15,USD,6.47
2021-08-15,USD,6.37
2021-09-15,USD,6.37
2021-10-15,USD,6.37
2021-11-15,USD,6.37
2021-12-15,USD,6.37
2022-01-15,USD,6.37
2022-02-15,USD,6.55
2022-03-15,USD,6.55
2022-04-15,USD,6.55
2022-05-15,USD,6.55
2022-06-15,USD,6.55
2022-07-15,USD,6.55
2022-08-15,USD,6.98
2022-09-15,USD,6.98
2022-10-15,USD,6.98
2022-11-15,USD,6.98
2022-12-15,USD,6.98
2023-01-15,USD,6.98
2023-02-15,USD,7.1
2023-03-15,USD,7.1
2023-04-15,USD,7.1
2023-05-15,USD,7.1
2023-06-15,USD,7.1
2023-07-15,USD,7.1
2023-08-15,USD,7.2
2023-09-15,USD,7.2
2023-10-15,USD,7.2
2023-11-15,USD,7.2
2023-12-15,USD,7.2
2024-01-15,USD,7.2
2024-02-15,USD,7.25
2024-03-15,USD,7.25
2024-04-15,USD,7.25
2024-05-15,USD,7.25
2024-06-15,USD,7.25
2024-07-15,USD,7.25
2024-08-15,USD,7.28
2024-09-15,USD,7.28
2024-10-15,USD,7.28
2024-11-15,USD,7.28
2024-12-15,USD,7.28
2025-01-15,USD,7.28
2025-02-15,USD,7.18
2025-03-15,USD,7.18
2025-04-15,USD,7.18
2025-05-15,USD,7.18
2025-06-15,USD,7.18
2025-07-15,USD,7.18
2025-08-15,USD,7.2
2025-09-15,USD,7.2
2025-10-15,USD,7.2
2025-11-15,USD,7.2
2025-12-15,USD,7.2
2026-01-15,USD,7.2
2026-02-15,USD,7.2
2026-03-15,USD,7.2
2026-04-15,USD,7.2
2026-05-15,USD,7.2
